A Hemophilia ,,,,,,,,
Abdominal Adhesions ,,,,,,,,
Abdominal Aortic Aneurysm,,,,,,,,
Abdominal Migraines in Children and Adults,,,,,,,,
Abdominal Pain ,,,,,,,,
Abdominoplasty ,,,,,,,,
Ablation Therapy for Arrhythmias,,,,,,,,
"Ablation, Endometrial ",,,,,,,,
"Ablation, Uterus ",,,,,,,             ,
Abnormal Heart Rhythms ,,,,,,,,
Abnormal Liver Enzymes ,,,,,,,,
Abortion Spontaneous ,,,,,,,,
Abscessed Tooth Guide,,,,,,,,
Abscesses Skin ,,,,,,,,
Absorbent Products Incontinence ,,,,,,,,
Abstinence Method of Birth Control ,,,,,,,,
Abuse Child ,,,,,,,,
Abuse Steroid ,,,,,,,,
breast cancer,,,,,,,,
Acanthamoeba Keratitis,,,,,,,,
Achalasia,,,,,,,,
"Aches, Pain, Fever",,,,,,,,
Achilles Tendon Rupture,,,,,,,,
Achondroplasia,,,,,,,,
Acid reflux ,,,,,,,,
Acid Reflux ,,,,,,,,
Acid Reflux vs. Heartburn ,,,,,,,,
Acne,,,,,,,,
acne rosacea ,,,,,,,,
Acquired Generalized and Inherited Lipodystrophy,,,,,,,,
Acquired Immunodeficiency Syndrome ,,,,,,,,
acrochordon ,,,,,,,,
Actinic Keratosis,,,,,,,,
Acupuncture,,,,,,,,
Acute and Chronic Bursitis,,,,,,,,
Acute Bronchitis ,,,,,,,,
Acute Flaccid Myelitis ,,,,,,,,
Acute Respiratory Distress Syndrome ,,,,,,,,
Addiction Sexual ,,,,,,,,
Addison Disease,,,,,,,,
Addisons anemia ,,,,,,,,
Addisons Disease ,,,,,,,,
Adenoid Cystic Carcinoma ,,,,,,,,
Adenoidectomy Surgical Instructions,,,,,,,,
Adenoids and Tonsils,,,,,,,,
Adenosine ,,,,,,,,
Adenosine Stress Test For Heart Disease ,,,,,,,,
Adenovirus,,,,,,,,
ADHD in Children,,,,,,,,
ADHD in Children ,,,,,,,,
ADHD in Teens ,,,,,,,,
adhesive capsulitis of shoulder ,,,,,,,,
Adult ADHD,,,,,,,,
Adult Brain Tumors,,,,,,,,
Adult-Onset Asthma,,,,,,,,
Adults Abdominal Migraine ,,,,,,,,
Adults Autism ,,,,,,,,
Adults Jaundice ,,,,,,,,
Advance Directives ,,,,,,,,
Advance Medical Directives,,,,,,,,
Affordable Care Act ,,,,,,,,
Afib ,,,,,,,,
Afib  Warning Symptoms,,,,,,,,
AFib vs VFib Symptoms ,,,,,,,,
AFP Blood Test ,,,,,,,,
age related macular degeneration ,,,,,,,,
Agnosia Facial ,,,,,,,,
Agoraphobia,,,,,,,,
AIDS vs. HIV ,,,,,,,,
Alcohol Abuse and Alcoholism,,,,,,,,
Alcohol and Teens,,,,,,,,
Alcohol and Teens ,,,,,,,,
alcohol dependence ,,,,,,,,
Alcohol Pregnancy ,,,,,,,,
Alexander Technique for Childbirth ,,,,,,,,
Alkaptonuria,,,,,,,,
Allergic Cascade,,,,,,,,
Allergies ,,,,,,,,
Allergy,,,,,,,,
Allergy Diaper ,,,,,,,,
Allergy Eczema ,,,,,,,,
Allergy Eye ,,,,,,,,
Allergy Food ,,,,,,,,
Allergy Home Remedies ,,,,,,,,
Allergy Insect ,,,,,,,,
Allergy Latex ,,,,,,,,
Allergy Plant Contact ,,,,,,,,
Allergy Rash ,,,,,,,,
Allergy Shots,,,,,,,,
Allergy Treatment Begins At Home,,,,,,,,
"Allergy, Skin Test ",,,,,,,,
Alopecia ,,,,,,,,
Alopecia Areata,,,,,,,,
Alpha 1 Antitrypsin Deficiency,,,,,,,,
Alpha Thalassemia,,,,,,,,
Alpha-fetoprotein Blood Test,,,,,,,,
Alport Syndrome,,,,,,,,
ALS vs. MS ,,,,,,,,
ALS vs. MS Differences and Similarities,,,,,,,,
ALT Test ,,,,,,,,
Alternative Therapy for Multiple Sclerosis,,,,,,,,
Alternative Treatments for Hot Flashes,,,,,,,,
alveolar osteitis ,,,,,,,,
"Alzheimer's Disease Causes, Stages, and Symptoms",,,,,,,,
Alzheimer's Disease Patient Caregiver Guide,,,,,,,,
Alzheimer's Disease Symptoms and Stages,,,,,,,,
Alzheimers Disease Financial Planning ,,,,,,,,
Alzheimers Disease Patient Caregiver Guide ,,,,,,,,
Alzheimers Disease Stages and Symptoms ,,,,,,,,
Amblyopia,,,,,,,,
Amebiasis Entamoeba histolytica Infection,,,,,,,,
Amenorrhea,,,,,,,,
"Amino Acid, Homocysteine ",,,,,,,,
Amniocentesis,,,,,,,,
Amniotic Fluid ,,,,,,,,
amoebic dysentery ,,,,,,,,
amyloid disease ,,,,,,,,
Amyloidosis,,,,,,,,
Amyotrophic Lateral Sclerosis,,,,,,,,
Amyotrophic Lateral Sclerosis ,,,,,,,,
Anabolic Steroid Abuse,,,,,,,,
Anal Cancer,,,,,,,,
Anal Fissure,,,,,,,,
Anal Itching,,,,,,,,
anal ulcer ,,,,,,,,
Analysis of Urine ,,,,,,,,
Anaphylaxis,,,,,,,,
Anemia,,,,,,,,
Anencephaly,,,,,,,,
Aneurysm vs Stroke ,,,,,,,,
Angelman Syndrome,,,,,,,,
angiitis ,,,,,,,,
Angina Symptoms,,,,,,,,
Angioedema ,,,,,,,,
Angioedema Hereditary ,,,,,,,,
Angiogram Of Heart ,,,,,,,,
Angiomyolipoma,,,,,,,,
Angioplasty ,,,,,,,,
Ankle Dislocated ,,,,,,,,
Ankle Pain and Tendinitis,,,,,,,,
Ankle Swollen ,,,,,,,,
Ankylosing Spondylitis,,,,,,,,
Annulus Support ,,,,,,,,
Anorexia Nervosa,,,,,,,,
anorexia nervosa ,,,,,,,,
Anthrax,,,,,,,,
Anti-CCP ,,,,,,,,
Anti-citrulline Antibody ,,,,,,,,
Anti-cyclic Citrullinated Peptide Antibody ,,,,,,,,
Anti-Reflux Surgery ,,,,,,,,
Antibiotic Resistance,,,,,,,,
antidiabetics-oral,,,,,,,,
Antiemetics,,,,,,,,
Antimicrosomal Antibody Test ,,,,,,,,
Antimitochondrial Antibodies,,,,,,,,
Antinuclear Antibody,,,,,,,,
Antiphospholipid Syndrome,,,,,,,,
Antisocial Personality Disorder,,,,,,,,
Antithyroid Microsomal Antibody Test ,,,,,,,,
Antro-duodenal Motility Study,,,,,,,,
Anxiety,,,,,,,,
Anxiety Separation ,,,,,,,,
Aortic Dissection,,,,,,,,
Aortic Heart Valve Replacement ,,,,,,,,
Aortic Stenosis,,,,,,,,
Aortic stenosis ,,,,,,,,
Apgar Score,,,,,,,,
Aphasia,,,,,,,,
Apnea Sleep ,,,,,,,,
Appendectomy,,,,,,,,
Appendicitis,,,,,,,,
Arachnoiditis,,,,,,,,
Are Bedbugs Contagious,,,,,,,,
Are Boils Contagious,,,,,,,,
Are Canker Sores Contagious,,,,,,,,
Are Cold Sores Contagious,,,,,,,,
Are Hives  Contagious,,,,,,,,
Are Skin Rashes Contagious,,,,,,,,
Are Warts Contagious?,,,,,,,,
Are You Too Sick to Work,,,,,,,,
Arrest Cardiac ,,,,,,,,
Arrhythmia ,,,,,,,,
Arrhythmia Treatment ,,,,,,,,
Arsenic Poisoning,,,,,,,,
Arteriovenous Malformation,,,,,,,,
Arthritis,,,,,,,,
Arthritis Ankylosing Spondylitis ,,,,,,,,
Arthritis Degenerative ,,,,,,,,
Arthritis Gout ,,,,,,,,
Arthritis Infectious ,,,,,,,,
Arthritis Juvenile ,,,,,,,,
Arthritis Lyme ,,,,,,,,
Arthritis MCTD ,,,,,,,,
Arthritis Physical and Occupational Therapy,,,,,,,,
Arthritis Plant Thorn ,,,,,,,,
Arthritis Pseudogout ,,,,,,,,
Arthritis Psoriatic ,,,,,,,,
Arthritis Quackery ,,,,,,,,
Arthritis Reactive ,,,,,,,,
Arthritis Reiters ,,,,,,,,
Arthritis Sarcoid ,,,,,,,,
Arthritis Scleroderma ,,,,,,,,
Arthritis Sjogrens Syndrome ,,,,,,,,
Arthritis SLE ,,,,,,,,
Arthritis Still ,,,,,,,,
Arthrocentesis ,,,,,,,,
Arthroplasty ,,,,,,,,
Arthroscopy,,,,,,,,
Artificial Kidney ,,,,,,,,
Asbestos-Related Disorders,,,,,,,,
Ascariasis,,,,,,,,
Ascites,,,,,,,,
Aseptic Necrosis,,,,,,,,
Asperger Syndrome,,,,,,,,
"Aspiration, Joint ",,,,,,,,
AST Test ,,,,,,,,
Asthma Adult-Onset ,,,,,,,,
Asthma Complexities,,,,,,,,
Asthma Exercise-Induced ,,,,,,,,
Asthma in Children,,,,,,,,
Asthma Medications,,,,,,,,
Asthma Medications ,,,,,,,,
Asthma OTC medication ,,,,,,,,
Asthma Overview,,,,,,,,
Asthma vs. COPD ,,,,,,,,
Asthma: Over The Counter Treatment,,,,,,,,
Astigmatic Keratotomy Eye Surgery,,,,,,,,
Astigmatism and Your Eyes,,,,,,,,
Astigmatism Overview,,,,,,,,
Ataxia,,,,,,,,
Athlete's Foot,,,,,,,,
Athletes Foot ,,,,,,,,
Atopic Dermatitis,,,,,,,,
Atopic Dermatitis vs Eczema,,,,,,,,
Atrial Fibrillation,,,,,,,,
Atrial Fibrillation  Warning Symptoms,,,,,,,,
Atrial Fibrillation AFib Treatment Drugs,,,,,,,,
Atrial Fibrillation vs. Atrial Flutter ,,,,,,,,
Atrial Fibrillation vs. Ventricular Fibrillation,,,,,,,,
Atrial Flutter,,,,,,,,
Atrial Flutter ,,,,,,,,
Atrial Flutter vs. Atrial Fibrillation,,,,,,,,
Atrophy Spinal Muscular ,,,,,,,,
Atrophy Vaginal ,,,,,,,,
Attention Deficit Hyperactivity Disorder ,,,,,,,,
Attention Deficit Hyperactivity Disorder in Teens,,,,,,,,
Auditory Brainstem Response ,,,,,,,,
Auditory Processing Disorder in Children,,,,,,,,
"Augmentation, Lip ",,,,,,,,
Autism and Communication,,,,,,,,
Autism Screening and Diagnosis,,,,,,,,
Autism Spectrum Disorder  FAQs,,,,,,,,
Autonomic Neuropathy Diabetic ,,,,,,,,
Autopsy,,,,,,,,
Avascular necrosis ,,,,,,,,
Avian Flu ,,,,,,,,
Avian Influenza ,,,,,,,,
B Hemophilia ,,,,,,,,
Baby Colic ,,,,,,,,
Baby Formulas ,,,,,,,,
Back Surgery ,,,,,,,,
Baclofen Pump Therapy,,,,,,,,
Bacterial Vaginosis ,,,,,,,,
Bad Breath,,,,,,,,
Bad Cholesterol Test ,,,,,,,,
Baker Cyst,,,,,,,,
Bakers Cyst ,,,,,,,,
Balamuthia mandrillaris,,,,,,,,
Balanitis ,,,,,,,,
Balanitis Contagious ,,,,,,,,
Balloon Angioplasty Of Heart ,,,,,,,,
Balloon Endoscopy,,,,,,,,
Balloon Enteroscopy ,,,,,,,,
Balloon Valvuloplasty ,,,,,,,,
Barium Enema,,,,,,,,
Barium Swallow ,,,,,,,,
Barlow syndrome ,,,,,,,,
Barrett's Esophagus,,,,,,,,
Barretts Esophagus ,,,,,,,,
Barrier Methods of Birth Control,,,,,,,,
Basal Body Temperature Method of Birth Control ,,,,,,,,
Basedows disease ,,,,,,,,
Bath Salts Abuse and Addiction,,,,,,,,
Bed Bugs,,,,,,,,
Bedbugs Bite ,,,,,,,,
Bedbugs Contagious ,,,,,,,,
Bedwetting,,,,,,,,
Bee and Wasp Sting,,,,,,,,
Behcet's Syndrome,,,,,,,,
Bells Palsy ,,,,,,,,
Benign Prostatic Hyperplasia,,,,,,,,
Bernard-Soulier Disease,,,,,,,,
Best Foods to Eat for Constipation Relief ,,,,,,,,
Beta Thalassemia,,,,,,,,
Beta-Globin Type ,,,,,,,,
bible cyst ,,,,,,,,
Bicarbonate ,,,,,,,,
Bile Duct Cancer ,,,,,,,,
bilharzia ,,,,,,,,
Biliary Cirrhosis Primary ,,,,,,,,
Biliary Drainage ,,,,,,,,
Bilirubin ,,,,,,,,
Bilirubin and Bilirubin Blood Test,,,,,,,,
Binge Eating Disorder,,,,,,,,
Binge Eating Disorder vs. Compulsive Overeating ,,,,,,,,
Binswanger's Disease,,,,,,,,
Binswangers Disease ,,,,,,,,
Bioelectric Therapy,,,,,,,,
Biological Therapy,,,,,,,,
Biological Valve ,,,,,,,,
Biopsy Of Cervix ,,,,,,,,
"Biopsy, Breast ",,,,,,,,
"Biopsy, Liver ",,,,,,,,
Biorhythms,,,,,,,,
Bioterrorism,,,,,,,,
Biotherapy ,,,,,,,,
Bipolar Disorder,,,,,,,,
Bipolar Disorder in Children and Teens,,,,,,,,
Bipolar Disorder vs Schizophrenia,,,,,,,,
Birth Control Methods,,,,,,,,
Birth Control Methods ,,,,,,,,
Birth Control Patch ,,,,,,,,
Birth Control Pill vs. Depo-Provera Shot,,,,,,,,
Birth Control Pills ,,,,,,,,
Birth Defects,,,,,,,,
Birthing Classes ,,,,,,,,
Birthmarks and Other Skin Pigmentation Problems,,,,,,,,
Bite Chigger ,,,,,,,,
Bite Dog ,,,,,,,,
Bite Snake ,,,,,,,,
Bites Flea ,,,,,,,,
Biventricular Pacemaker,,,,,,,,
Black Eye,,,,,,,,
Blackheads,,,,,,,,
Bladder Cancer,,,,,,,,
bladder carcinoma ,,,,,,,,
Bladder Infection,,,,,,,,
bladder infection ,,,,,,,,
Bladder Spasms,,,,,,,,
Bleeding Varices,,,,,,,,
Blepharitis,,,,,,,,
Blepharoplasty ,,,,,,,,
"Blepharospasm Treatment, Botox ",,,,,,,,
Blindness,,,,,,,,
Blindness Face ,,,,,,,,
Bloated ,,,,,,,,
blood cancer ,,,,,,,,
Blood Clot in the Lung ,,,,,,,,
Blood Clots,,,,,,,,
Blood Count ,,,,,,,,
Blood In Semen,,,,,,,,
Blood in the Stool ,,,,,,,,
Blood In Urine,,,,,,,,
Blood Liver Enzymes ,,,,,,,,
Blood Low Red Cell Count ,,,,,,,,
Blood Pressure Low ,,,,,,,,
"Blood Test, Ferritin ",,,,,,,,
"Blood Test, Thyroid ",,,,,,,,
Blood Transfusion,,,,,,,,
Blood White Cell Count ,,,,,,,,
"Blood, Bicarbonate ",,,,,,,,
"Blood, Chloride ",,,,,,,,
"Blood, CO2 ",,,,,,,,
"Blood, Electrolytes ",,,,,,,,
"Blood, Hematocrit ",,,,,,,,
"Blood, Hemoglobin ",,,,,,,,
"Blood, Platelet Count ",,,,,,,,
"Blood, Potassium ",,,,,,,,
"Blood, Red Cell Count ",,,,,,,,
"Blood, Sodium ",,,,,,,,
Blue Light Therapy ,,,,,,,,
Bocavirus Infection,,,,,,,,
Body Dysmorphic Disorder,,,,,,,,
Boils,,,,,,,,
Boils Contagious ,,,,,,,,
Bone Cancer Overview,,,,,,,,
Bone Density Scan,,,,,,,,
Bone Fractures ,,,,,,,,
Bone Marrow,,,,,,,,
Bone Marrow Transplant ,,,,,,,,
Bone Marrow Transplantation for Breast Cancer,,,,,,,,
Bone Spurs,,,,,,,,
Bone tumor ,,,,,,,,
Borderline Personality Disorder,,,,,,,,
Botox Injections ,,,,,,,,
Botox to Treat Multiple Sclerosis ,,,,,,,,
Botox Treatment,,,,,,,,
Botox Treatment ,,,,,,,,
Botulism,,,,,,,,
Bourbon Virus,,,,,,,,
bovine spongiform encephalopathy ,,,,,,,,
"Bowel Diversion Surgery Ileostomy, Colostomy",,,,,,,,
BPH vs. Prostatitis ,,,,,,,,
Braces and Retainers ,,,,,,,,
Brachytherapy,,,,,,,,
Bradley Method for Childbirth ,,,,,,,,
Brain Aneurysm,,,,,,,,
Brain Aneurysm ,,,,,,,,
Brain Cancer,,,,,,,,
Brain Concussion,,,,,,,,
"Brain Damage: Symptoms, Causes, Treatment",,,,,,,,
Brain Hemorrhage,,,,,,,,
Brain Injury ,,,,,,,,
Brain Lesions ,,,,,,,,
Brain Tumor,,,,,,,,
Brain Wave Test ,,,,,,,,
Branchial Cleft Cyst ,,,,,,,,
Branchial Cyst,,,,,,,,
Braxton Hicks Contractions,,,,,,,,
Braxton Hicks vs. True Labor Contractions,,,,,,,,
Braxton Hicks vs. True Labor Contractions ,,,,,,,,
Breast ,,,,,,,,
Breast Anatomy,,,,,,,,
Breast Augmentation,,,,,,,,
Breast Biopsy,,,,,,,,
Breast Cancer ,,,,,,,,
Breast Cancer and Coping With Stress,,,,,,,,
Breast Cancer and Lymphedema,,,,,,,,
Breast Cancer Clinical Trials,,,,,,,,
Breast Cancer During Pregnancy,,,,,,,,
Breast Cancer Follow-Up Self-Exam,,,,,,,,
Breast Cancer Genetic Testing ,,,,,,,,
Breast Cancer in Young Women,,,,,,,,
Breast Cancer Prevention,,,,,,,,
Breast Cancer Questions To Ask The Doctor,,,,,,,,
Breast Cancer Recurrence,,,,,,,,
Breast Cancer Risk ,,,,,,,,
Breast Cancer/BRCA gene test,,,,,,,,
Breast Cancer/causes and symptoms,,,,,,,,
Breast Cancer/Facts,,,,,,,,
Breast Cancer/Her2Positive,,,,,,,,
Breast Cancer/Stages,,,,,,,,
Breast Cancer/Treatment,,,,,,,,
Breast Implants ,,,,,,,,
Breast Lumps In Women,,,,,,,,
Breast Reconstruction,,,,,,,,
Breast Reconstruction Without Implants,,,,,,,,
Breast Reduction,,,,,,,,
Breast Self Exam,,,,,,,,
Breastfeeding,,,,,,,,
Breastfeeding Challenges ,,,,,,,,
Breastfeeding Classes ,,,,,,,,
Breastfeeding: Common Breastfeeding Challenges,,,,,,,,
Breath Bad ,,,,,,,,
"Breath Test, Hydrogen ",,,,,,,,
"Breath Test, Urea ",,,,,,,,
Breathing Disorders Sleep Related ,,,,,,,,
Breathing Tube ,,,,,,,,
Bridges,,,,,,,,
Brief Psychotic Disorder,,,,,,,,
Brittle Bone Disease ,,,,,,,,
Broken Bone ,,,,,,,,
Broken Finger,,,,,,,,
Broken Foot,,,,,,,,
Broken Toe,,,,,,,,
bronchial asthma ,,,,,,,,
Bronchiectasis ,,,,,,,,
Bronchiolitis,,,,,,,,
Bronchitis ,,,,,,,,
Bronchitis Chronic ,,,,,,,,
Bronchoscopy,,,,,,,,
Brow Lift Cosmetic Surgery,,,,,,,,
Brown Recluse ,,,,,,,,
Brucellosis Facts,,,,,,,,
Bruises,,,,,,,,
Bruxism ,,,,,,,,
Bug Bites and Stings,,,,,,,,
Bulimia Nervosa,,,,,,,,
bulimia nervosa ,,,,,,,,
Bullous Pemphigoid,,,,,,,,
Bullying,,,,,,,,
Bunions,,,,,,,,
Burkitt Lymphoma,,,,,,,,
Burkitt Lymphoma ,,,,,,,,
Burning Mouth Syndrome,,,,,,,,
Burns,,,,,,,,
Burns First Aid ,,,,,,,,
bursa inflammation ,,,,,,,,
Bursitis Calcific ,,,,,,,,
Bursitis Shoulder ,,,,,,,,
"Bypass Surgery, Heart ",,,,,,,,
"Bypass, Stomach ",,,,,,,,
C-Reactive Protein Test ,,,,,,,,
C-Section ,,,,,,,,
Calcific Bursitis,,,,,,,,
Calcium Elevated ,,,,,,,,
Calendar Rhythm Method of Birth Control ,,,,,,,,
Campomelic Dysplasia,,,,,,,,
Canavan Disease,,,,,,,,
Cancer,,,,,,,,
Cancer Causes,,,,,,,,
Cancer Contagious ,,,,,,,,
Cancer Detection,,,,,,,,
Cancer Fatigue,,,,,,,,
Cancer in lung ,,,,,,,,
Cancer Inflammatory Breast ,,,,,,,,
Cancer Pain,,,,,,,,
Cancer Prevention,,,,,,,,
Cancer Risk ,,,,,,,,
Candida aur ,,,,,,,,
Candida auris ,,,,,,,,
Candida Infection Children ,,,,,,,,
Candidal vulvovaginitis ,,,,,,,,
Canker Sores,,,,,,,,
Capnocytophaga canimorsus,,,,,,,,
Capsule Endoscopy,,,,,,,,
Carbapenem Resistant Enterobacteriaceae ,,,,,,,,
Carcinoembryonic Antigen,,,,,,,,
Carcinoid Syndrome,,,,,,,,
Carcinoid Syndrome ,,,,,,,,
Cardiac Catheterization,,,,,,,,
Cardiac Stress Test ,,,,,,,,
Cardiomyopathy ,,,,,,,,
Cardiomyopathy ,,,,,,,,
Cardiomyopathy ,,,,,,,,
cardiospasm ,,,,,,,,
"Care, Prenatal ",,,,,,,,
Caregiving,,,,,,,,
Caring for a Continent Ileostomy,,,,,,,,
Caring for Teeth With Braces or Retainers,,,,,,,,
Caring for Your Dentures,,,,,,,,
Carotid Artery Disease,,,,,,,,
Carpal Tunnel Syndrome,,,,,,,,
Castleman Disease,,,,,,,,
Castleman Disease ,,,,,,,,
CAT Scan,,,,,,,,
Cat Scratch Disease,,,,,,,,
Cataract Surgery,,,,,,,,
Cataracts,,,,,,,,
Cataracts ,,,,,,,,
Cauda Equina Syndrome,,,,,,,,
Cauliflower Ear,,,,,,,,
Causes of Chest Pain Signs and Symptoms,,,,,,,,
Causes of Chest Pain Signs and Symptoms ,,,,,,,,
Cavities,,,,,,,,
Celiac Disease ,,,,,,,,
Cells Stem ,,,,,,,,
Cellulite,,,,,,,,
Cellulitis,,,,,,,,
Central Precocious Puberty,,,,,,,,
Cerebral Palsy,,,,,,,,
cerebrovascular accident ,,,,,,,,
Cervical Biopsy ,,,,,,,,
Cervical Cancer,,,,,,,,
Cervical Cancer Screening Test ,,,,,,,,
Cervical Cancer Test ,,,,,,,,
Cervical Cap ,,,,,,,,
Cervical Dysplasia,,,,,,,,
Cervical Intraepithelial Neoplasia Cervical ,,,,,,,,
Cervical Pain ,,,,,,,,
Cervista HPV Test,,,,,,,,
Cervista HPV Test ,,,,,,,,
Cesarean Birth ,,,,,,,,
Chagas Disease,,,,,,,,
Chalazion,,,,,,,,
Charcot-Marie-Tooth-Disease,,,,,,,,
Cheek Implant ,,,,,,,,
Chemical Peel,,,,,,,,
Chemo Infusion and Chemoembolization of Liver,,,,,,,,
Chemotherapy,,,,,,,,
Chemotherapy Treatment for Breast Cancer,,,,,,,,
Chest Pain,,,,,,,,
Chest X-ray,,,,,,,,
CHF  Overview,,,,,,,,
Chickenpox ,,,,,,,,
Chickenpox Contagious ,,,,,,,,
Chiggers ,,,,,,,,
Chikungunya Virus Infection,,,,,,,,
Child Abuse Facts,,,,,,,,
Childbirth Class Options,,,,,,,,
Childhood Acute Lymphoblastic Leukemia,,,,,,,,
childhood immunization schedule ,,,,,,,,
Childhood Obesity,,,,,,,,
Childhood Vaccination Schedule,,,,,,,,
Children Abdominal Migraine ,,,,,,,,
Children Autism ,,,,,,,,
Children Dementia ,,,,,,,,
Children Night Sweats ,,,,,,,,
Children Seizures ,,,,,,,,
Children Separation Anxiety ,,,,,,,,
Children Sleep ,,,,,,,,
Children's Cough Causes and Treatments,,,,,,,,
Children's Health,,,,,,,,
Childrens Health ,,,,,,,,
"Chin, Cheek, and Jaw Implants",,,,,,,,
chlamydia bacteria infection ,,,,,,,,
Chlamydia Contagious ,,,,,,,,
Chlamydia in Women Overview,,,,,,,,
chloasma ,,,,,,,,
Chloride ,,,,,,,,
Cholangiocarcinoma ,,,,,,,,
Cholecystectomy,,,,,,,,
Cholecystogram ,,,,,,,,
Choledochal Cysts,,,,,,,,
cholelithiasis ,,,,,,,,
Cholera,,,,,,,,
Cholera Contagious ,,,,,,,,
Cholescintigraphy,,,,,,,,
Cholesterol High ,,,,,,,,
Cholesterol lowering ,,,,,,,,
Cholesterol Management,,,,,,,,
Cholesterol Test,,,,,,,,
Choosing a Toothbrush,,,,,,,,
Choosing a Toothpaste,,,,,,,,
Chordae & Papillary Muscles Repair ,,,,,,,,
Chorea Huntington ,,,,,,,,
Chorionic Villus Sampling,,,,,,,,
chorioretinitis ,,,,,,,,
Chorioretinitis Toxoplasma ,,,,,,,,
Chronic Bronchitis,,,,,,,,
Chronic Cough,,,,,,,,
Chronic Fatigue Syndrome,,,,,,,,
Chronic Pain,,,,,,,,
Chronic Rhinitis,,,,,,,,
Chronic Rhinitis ,,,,,,,,
Churg Strauss Syndrome ,,,,,,,,
Churg-Strauss Syndrome,,,,,,,,
Cigarette Smoking vs. Hookahs ,,,,,,,,
Ciguatera Poisoning,,,,,,,,
Circumcision The Medical Pros and Cons,,,,,,,,
Circumcision The Surgical Procedure,,,,,,,,
Cirrhosis,,,,,,,,
Cirrhosis Primary Biliary ,,,,,,,,
Citrulline Antibody,,,,,,,,
"Classes, Childbirth ",,,,,,,,
Claudication,,,,,,,,
Cleft Palate and Cleft Lip,,,,,,,,
Cleidocranial Dysplasia,,,,,,,,
Clinical depression ,,,,,,,,
Clinical Trials,,,,,,,,
Clostridium Difficile Colitis,,,,,,,,
Clot Blood ,,,,,,,,
Club Drugs,,,,,,,,
Cluster Headaches,,,,,,,,
Coats Disease ,,,,,,,,
Coats' Disease,,,,,,,,
Cocaine and Crack Abuse,,,,,,,,
Coccydynia,,,,,,,,
Cold ,,,,,,,,
Cold Agglutinin Disease,,,,,,,,
Cold and Cough Medicine for Infants and Children,,,,,,,,
Cold Flu Allergy Treatments ,,,,,,,,
Cold Medicine and Cough Syrup for Adults,,,,,,,,
Cold Sore vs. Pimple ,,,,,,,,
Cold Sores Contagious ,,,,,,,,
Cold vs Flu,,,,,,,,
"Cold, Flu, Allergy",,,,,,,,
Colic,,,,,,,,
Colitis,,,,,,,,
Colitis Collagenous ,,,,,,,,
Colitis Contagious ,,,,,,,,
Colitis Lymphocytic ,,,,,,,,
Colitis Microscopic ,,,,,,,,
Colitis Surgery ,,,,,,,,
Colitis Ulcerative ,,,,,,,,
Collagen and Injectable Fillers,,,,,,,,
Colon Cancer,,,,,,,,
Colon Cancer Familial ,,,,,,,,
Colon Cancer Prevention,,,,,,,,
Colon Cancer Screening,,,,,,,,
Colon Polyps,,,,,,,,
Colon Resection ,,,,,,,,
colonic diverticulitis ,,,,,,,,
Colonoscopy,,,,,,,,
"Colonoscopy, Virtual ",,,,,,,,
Color Blindness,,,,,,,,
colorectal cancer ,,,,,,,,
Colostomy ,,,,,,,,
Colostomy: A Patient's Perspective,,,,,,,,
Colposcopy,,,,,,,,
Coma,,,,,,,,
Coma Diabetic ,,,,,,,,
Coma Myxedema ,,,,,,,,
Commissurotomy ,,,,,,,,
Common Causes of Pregnancy Discomforts,,,,,,,,
Common Cold,,,,,,,,
Common Medical Abbreviations and Terms,,,,,,,,
Compartment Syndrome,,,,,,,,
Complete Blood Count,,,,,,,,
Complete Dentures ,,,,,,,,
Complex Regional Pain Syndrome,,,,,,,,
Compulsive Obsessive Disorder ,,,,,,,,
Compulsive Overeating vs Binge Eating Disorder,,,,,,,,
Computerized Axial Tomography ,,,,,,,,
Condoms,,,,,,,,
congenital anomaly ,,,,,,,,
Congenital Heart Disease,,,,,,,,
congenital megacolon ,,,,,,,,
Congestive Heart Failure  Overview,,,,,,,,
"Conization, Cervix ",,,,,,,,
Conjoined Twins,,,,,,,,
Conjunctivitis ,,,,,,,,
Connective Tissue Disease,,,,,,,,
Constipation,,,,,,,,
Constipation ,,,,,,,,
Constipation Foods to Avoid ,,,,,,,,
Constipation Home Remedies ,,,,,,,,
consumption  Facts,,,,,,,,
Contact Dermatitis,,,,,,,,
"Contact Lenses: Colored, Soft, Hard, Toric & Bifoc",,,,,,,,
Contagious C. Diff Clostridium Difficile ,,,,,,,,
Contagious Canker Sores ,,,,,,,,
Contagious Cough ,,,,,,,,
Contagious Diverticulitis ,,,,,,,,
Contagious E. coli ,,,,,,,,
Contagious H. pylori ,,,,,,,,
Contagious Hepatitis ,,,,,,,,
Contagious Hepatitis A ,,,,,,,,
Contagious Hepatitis B ,,,,,,,,
Contagious Hepatitis C ,,,,,,,,
Contagious Sinus Infection ,,,,,,,,
Contagious Sore Throat ,,,,,,,,
Contagious Stomach Flu  Contagious,,,,,,,,
Contagious Strep Throat ,,,,,,,,
Contagious Tonsillitis ,,,,,,,,
Contagious Yeast ,,,,,,,,
Contagious Yeast Infection ,,,,,,,,
Continent Ileostomy ,,,,,,,,
Contraceptive Measures After Unprotected Sex,,,,,,,,
Contraceptive Sponge ,,,,,,,,
Contractions Braxton-Hicks ,,,,,,,,
COPD ,,,,,,,,
COPD ,,,,,,,,
COPD vs. Asthma Differences and Similarities,,,,,,,,
COPD vs. Emphysema Differences Similarities,,,,,,,,
Core Needle Breast Biopsy ,,,,,,,,
Corneal Disease,,,,,,,,
corneal inflammation ,,,,,,,,
Corneal Ulcer,,,,,,,,
Corns,,,,,,,,
Coronary Angiogram,,,,,,,,
Coronary Angioplasty,,,,,,,,
Coronary Artery Bypass ,,,,,,,,
Coronary Artery Bypass Graft,,,,,,,,
Coronary Artery Disease Screening Tests ,,,,,,,,
Corpus Callosotomy ,,,,,,,,
Cortisone Injection,,,,,,,,
Cortisone Shot ,,,,,,,,
Cosmetic Allergies,,,,,,,,
Cosmetic Surgery ,,,,,,,,
Cosmetic Surgery - Lipoplasty ,,,,,,,,
Cosmetic Surgery for Varicose and Spider Veins ,,,,,,,,
"Cosmetic Surgery, Chemical Peel ",,,,,,,,
"Cosmetic Surgery, Collagen Injections ",,,,,,,,
"Cosmetic Surgery, Dermabrasion ",,,,,,,,
"Cosmetic Surgery, Lip Augmentation ",,,,,,,,
"Cosmetic Surgery, Liposuction ",,,,,,,,
"Cosmetic Surgery, Neck Lift ",,,,,,,,
Costochondritis ,,,,,,,,
Costochondritis and Tietze Syndrome,,,,,,,,
"Costs, Prenatal ",,,,,,,,
Cough Chronic ,,,,,,,,
Counceling Genetic ,,,,,,,,
Coxsackie ,,,,,,,,
Coxsackie Virus,,,,,,,,
Crabs ,,,,,,,,
cramps but no period,,,,,,,,
Cramps Heat ,,,,,,,,
Cramps Menstrual ,,,,,,,,
CRE Infection,,,,,,,,
Creatinine Blood Test,,,,,,,,
Creutzfeldt-Jakob Disease,,,,,,,,
Crohn Disease ,,,,,,,,
Crohn's Disease,,,,,,,,
Crohns Disease Contagious ,,,,,,,,
Crohns Disease vs Ulcerative Colitis UC,,,,,,,,
Crossed Eyes ,,,,,,,,
Croup,,,,,,,,
Croup Contagious ,,,,,,,,
Cryotherapy,,,,,,,,
Cryptococcosis,,,,,,,,
Cryptosporidiosis,,,,,,,,
CT Colonosopy ,,,,,,,,
CT Coronary Angiogram,,,,,,,,
CT Scan ,,,,,,,,
CT Scan vs MRI,,,,,,,,
"CT, Ultrafast ",,,,,,,,
Ctenocephalides felFlea Bite ,,,,,,,,
Cupping,,,,,,,,
Cupping Therapy ,,,,,,,,
Cushing's Syndrome,,,,,,,,
Cushings Syndrome ,,,,,,,,
Cuts wounds ,,,,,,,,
"Cuts, Scrapes and Puncture Wounds",,,,,,,,
Cyclic Vomiting Syndrome ,,,,,,,,
Cyclospora Infection ,,,,,,,,
Cyst,,,,,,,,
Cyst Eyelid ,,,,,,,,
Cystic Acne,,,,,,,,
Cystic Fibrosis,,,,,,,,
Cystic Fibrosis Test ,,,,,,,,
Cystic Hygroma,,,,,,,,
Cystic Hygroma ,,,,,,,,
Cysticercosis,,,,,,,,
Cystinuria,,,,,,,,
Cystitis ,,,,,,,,
Cystocele ,,,,,,,,
Cystoscopy and Ureteroscopy,,,,,,,,
Cysts Choledochal ,,,,,,,,
Cysts Ovary ,,,,,,,,
Cysts Pancreatic Inflammatory ,,,,,,,,
Cysts True Pancreas ,,,,,,,,
Cytomegalovirus ,,,,,,,,
Dandruff Contagious  Contagious,,,,,,,,
Dandruff vs Dry Scalp,,,,,,,,
Dandruff vs. Head Lice ,,,,,,,,
Date Rape Drugs,,,,,,,,
De Quervain's Tenosynovitis,,,,,,,,
Deafness,,,,,,,,
Death Sudden Cardiac ,,,,,,,,
Decalcification ,,,,,,,,
Deep Brain Stimulation,,,,,,,,
Deep Vein Thrombosis,,,,,,,,
Defibrillator ,,,,,,,,
Deficiency Iron ,,,,,,,,
Deficiency Primary Immunodeficiency ,,,,,,,,
Degenerative Disc,,,,,,,,
Dehydration,,,,,,,,
delayed gastric emptying ,,,,,,,,
Delivery of a Baby ,,,,,,,, 
Dementia,,,,,,,,
Dementia with Lewy Bodies ,,,,,,,,
Dengue Fever,,,,,,,,
Dental ,,,,,,,,
Dental Bonding,,,,,,,,
Dental Braces,,,,,,,,
Dental Bridges ,,,,,,,,
Dental Care ,,,,,,,,
Dental Care for Babies,,,,,,,,
dental caries ,,,,,,,,
Dental Crowns,,,,,,,,
Dental Implants,,,,,,,,
Dental Injuries,,,,,,,,
Dental Lasers ,,,,,,,,
Dental Sealants,,,,,,,,
Dental Surgery ,,,,,,,,
Dental trauma ,,,,,,,,
Dental Veneers,,,,,,,,
Dental X-Rays,,,,,,,,
Dental X-Rays: When to Get Them,,,,,,,,
Dentures,,,,,,,,
Depression,,,,,,,,
Depression in Children,,,,,,,,
Depression in the Elderly,,,,,,,,
DeQuervains Tenosynovitis ,,,,,,,,
Dermabrasion,,,,,,,,
Dermagraphics ,,,,,,,,
desynchronosis ,,,,,,,,
Detecting Hearing Loss in Children,,,,,,,,
Developmental Disorders Pervasive ,,,,,,,,
Developmental Screening,,,,,,,,
Deviated Septum,,,,,,,,
Devic's Syndrome,,,,,,,,
Diabetes ,,,,,,,,
Diabetes and Eye Problems,,,,,,,,
Diabetes and Kidney Disease,,,,,,,,
diabetes during pregnancy ,,,,,,,,
Diabetes Insipidus,,,,,,,,
Diabetes Insipidus ,,,,,,,,
Diabetes Mellitus,,,,,,,,
diabetes mellitus ,,,,,,,,
Diabetes Pre ,,,,,,,,
Diabetes Prevention,,,,,,,,
Diabetes Symptoms in Men,,,,,,,,
Diabetes Symptoms in Women,,,,,,,,
Diabetes Treatment,,,,,,,,
Diabetes Type 1 ,,,,,,,,
Diabetes Type 2 ,,,,,,,,
Diabetes Urine Tests ,,,,,,,,
Diabetes: Caring for Your Diabetes at Special Time,,,,,,,,
Diabetic Diet,,,,,,,,
Diabetic Diet for Type 2 Diabetes,,,,,,,,
Diabetic Home Care and Monitoring,,,,,,,,
Diabetic Ketoacidosis,,,,,,,,
Diabetic Neuropathy,,,,,,,,
Dialysis,,,,,,,,
Diaper Rash,,,,,,,,
"Diaphragm, Birth Control ",,,,,,,,
Diarrhea,,,,,,,,
Diarrhea IBS ,,,,,,,,
Diarrhea Travelers ,,,,,,,,
Diet Cholesterol ,,,,,,,,
Diet Diabetes ,,,,,,,,
"Diet IBS  Triggers, Prevention",,,,,,,,
Diet Ulcerative Colitis ,,,,,,,,
Difficile C. Contagious ,,,,,,,,
Difficile Clostridium ,,,,,,,,
Difficulty Swallowing ,,,,,,,,
Diffuse Idiopathic Skeletal Hyperostosis,,,,,,,,
Dilation and Curettage,,,,,,,,
Diphtheria Facts,,,,,,,,
Direct vs Indirect Hernia,,,,,,,,
Disability Learning ,,,,,,,,
Discogram,,,,,,,,
Disease Prevention ,,,,,,,,
Disease Prevention Health Living ,,,,,,,,
Disease Prevention in Men,,,,,,,,
Disease Prevention in Women,,,,,,,,
Dislocated Ankle ,,,,,,,,
Dislocated Elbow,,,,,,,,
Dislocated Hip,,,,,,,,
Dislocated Knee,,,,,,,,
Dislocated Shoulder,,,,,,,,
Disorder Antisocial Personality ,,,,,,,,
Disorder Asperger ,,,,,,,,
Disorder Mitochondrial ,,,,,,,,
Disorders Sleep ,,,,,,,,
Disorders Sleep in Children ,,,,,,,,
Disorders Sleep in Teenagers ,,,,,,,,
Dissection Aorta ,,,,,,,,
Dissociative Identity Disorder,,,,,,,,
"Diversion Surgery, Bowel ",,,,,,,,
Diverticulosis,,,,,,,,
Divisum Pancreas ,,,,,,,,
Dizziness ,,,,,,,,
Do You Need a Tetanus Shot,,,,,,,,
Dobutamine ,,,,,,,,
Dobutamine Stress Test For Heart Disease ,,,,,,,,
Dog Bite Treatment,,,,,,,,
Domestic Violence,,,,,,,,
Double Balloon Endoscopy ,,,,,,,,
Double Vision,,,,,,,,
"Douche, Vaginal ",,,,,,,,
Douching and Urniation Method of Birth Control ,,,,,,,,
Doula vs. Midwife,,,,,,,,
Down Syndrome Overview,,,,,,,,
Drainage Bags for Incontinence ,,,,,,,,
Drowning,,,,,,,,
Drug Abuse,,,,,,,,
Drug Allergies,,,,,,,,
Drug Dangers Pregnancy ,,,,,,,,
Drug Induced Liver Disease,,,,,,,,
Drug Induced Liver Disease ,,,,,,,,
Drug Infusion ,,,,,,,,
Drugs Teratogenic ,,,,,,,,
Dry Eyes,,,,,,,,
Dry Mouth,,,,,,,,
Dry Scalp vs. Dandruff ,,,,,,,,
Dry Skin,,,,,,,,
Dry Socket Overview,,,,,,,,
Dryness Vaginal ,,,,,,,,
Dual X-ray Absorptometry ,,,,,,,,
Duck Syndrome,,,,,,,,
Duck Syndrome ,,,,,,,,
Duodenal Biliary Drainage,,,,,,,,
Duodenal Diverticulum,,,,,,,,
Duodenoscopy ,,,,,,,,
Dupuytren Contracture,,,,,,,,
Dupuytrens Contracture ,,,,,,,,
DVT and Birth Control Pills Oral Contraceptives,,,,,,,,
DVT deep vein thrombosis and Pregnancy,,,,,,,,
dwarfism ,,,,,,,,
Dwarfism Campomelic ,,,,,,,,
DXA Scan ,,,,,,,,
Dyslexia,,,,,,,,
Dyspepsia,,,,,,,,
Dyspepsia ,,,,,,,,
Dysplasia Campomelic ,,,,,,,,
Dysplasia Cervical ,,,,,,,,
Dysthymia,,,,,,,,
Dystonia,,,,,,,,
e-Cigarettes vs Cigarettes,,,,,,,,
E. coli ,,,,,,,,
E. Coli 0157:H7,,,,,,,,
Ear Infection,,,,,,,,
Ear Infection Home Treatment,,,,,,,,
Ear Object In ,,,,,,,,
Ear Tubes,,,,,,,,
Ear Wax,,,,,,,,
"Ear, Cosmetic Surgery ",,,,,,,,
Early Prostate Cancer Treatment Surveillance,,,,,,,,
Early Signs ,,,,,,,,
Early Signs and Stages of HIV,,,,,,,,
Early Signs and Symptoms of Autism,,,,,,,,
Early Signs and Symptoms of Labor,,,,,,,,
Early Symptoms and Signs of RA ,,,,,,,,
Early Warning Signs and Stages of Colon Cancer,,,,,,,,
Early Warning Signs and Stages of Dementia,,,,,,,,
Earthquake Supplies Kit and Emergency Preparedness,,,,,,,,
Earwax ,,,,,,,,
Eating Binge ,,,,,,,,
Eating Emotional ,,,,,,,,
Ebola Hemorrhagic Fever ,,,,,,,,
Ebola Hemorrhagic Fever ,,,,,,,,
Ebola Virus Contagious ,,,,,,,,
ECG ,,,,,,,,
Echo ,,,,,,,,
Echocardiogram,,,,,,,,
Echogram ,,,,,,,,
Eclampsia Pregnancy ,,,,,,,,
Ectopic Pregnancy,,,,,,,,
Eczema ,,,,,,,,
Eczema Contagious ,,,,,,,,
Eczema Facts,,,,,,,,
Edema,,,,,,,,
Edema Pulmonary ,,,,,,,,
EEG - Electroencephalogram,,,,,,,,
Effusion Pleural ,,,,,,,,
Ehlers-Danlos Syndrome,,,,,,,,
elastic skin ,,,,,,,,
Elbow Pain,,,,,,,,
Electrocardiogram ,,,,,,,,
Electroconvulsive Therapy,,,,,,,,
Electroencephalogram ,,,,,,,,
Electrogastrogram,,,,,,,,
Electrolysis,,,,,,,,
Electrolytes,,,,,,,,
Electromyogram,,,,,,,,
Electron Beam Computerized Tomography,,,,,,,,
Electrophysiology Test,,,,,,,,
Electroretinography,,,,,,,,
Electrothermal Therapy ,,,,,,,,
Elevated Homocysteine ,,,,,,,,
ELISA Tests,,,,,,,,
Embolism Pulmonary ,,,,,,,,
Embryo vs. Fetus Differences Week-by-Week,,,,,,,,
emotional dysregulation disorder ,,,,,,,,
Emotional Eating,,,,,,,,
Emphysema ,,,,,,,,
Emphysema Inherited ,,,,,,,,
Emphysema vs. COPD ,,,,,,,,
"Emphysema, Chronic Bronchitis, and Colds",,,,,,,,
"Emphysema, Chronic Bronchitis, and Colds ",,,,,,,,
"Empyting Study, Gastric ",,,,,,,,
Encephalitis,,,,,,,,
Encephalopathy,,,,,,,,
Encopresis,,,,,,,,
Endocarditis,,,,,,,,
Endometrial Ablation,,,,,,,,
Endometrial Biopsy,,,,,,,,
Endometrial Cancer Prevention,,,,,,,,
Endometriosis,,,,,,,,
Endoscopic Retrograde Cholangio-Pancreatography ,,,,,,,,
Endoscopic Ultrasound,,,,,,,,
Endoscopy,,,,,,,,
"Endoscopy, Balloon ",,,,,,,,
"Endoscopy, Capsule ",,,,,,,,
"Endoscopy, Upper Gastrointestinal ",,,,,,,,
Endotracheal Intubation,,,,,,,,
Endovascular Coiling,,,,,,,,
"Enema, Barium ",,,,,,,,
"Enhancement, Lip ",,,,,,,,
Enlarged Spleen,,,,,,,,
enteric fever ,,,,,,,,
"Enteroscopy, Balloon ",,,,,,,,
Enterovirulent E. Coli ,,,,,,,,
Enterovirus ,,,,,,,,
Enthesitand Enthesopathy ,,,,,,,,
Enthesitis and Enthesopathy,,,,,,,,
Eosinophilic Esophagitis,,,,,,,,
Eosinophilic Fasciitis,,,,,,,,
Eosinophilic Fasciitis ,,,,,,,,
Epidermolysis Bullosa ,,,,,,,,
Epidural Steroid Injection,,,,,,,,
Epilepsy ,,,,,,,,
Epilepsy Surgery ,,,,,,,,
"Epilepsy Surgery, Children ",,,,,,,,
"Epilepsy Surgery, Multiple Subpial Transection ",,,,,,,,
Epilepsy Test ,,,,,,,,
Epilepsy Treatment,,,,,,,,
Episiotomy,,,,,,,,
Epstein-Barr Virus ,,,,,,,,
Erectile Dysfunction ,,,,,,,,
"Erectile Dysfunction, Testosterone ",,,,,,,,
erythema infectiosum ,,,,,,,,
Erythema Nodosum,,,,,,,,
Erythrocyte Sedimentation Rate ,,,,,,,,
Erythropheresis ,,,,,,,,
Erythropoietin,,,,,,,,
Esophageal Cancer,,,,,,,,
Esophageal Manometry,,,,,,,,
Esophageal Motility Study ,,,,,,,,
Esophageal pH Monitoring,,,,,,,,
Esophageal pH Test ,,,,,,,,
Esophagitis,,,,,,,,
Esophagogastroduodenoscopy ,,,,,,,,
Esophagoscopy ,,,,,,,,
Essential Mixed Cryoglobulinemia,,,,,,,,
Estimating Breast Cancer Risk,,,,,,,,
Estrogen Replacement ,,,,,,,,
Estrogen Replacement Therapy ,,,,,,,,
Essential thrombocythemia,,,,,,,,
Eustachian Tube Problems,,,,,,,,
"Exam, Breast ",,,,,,,,
"Exam, Pelvic ",,,,,,,,
Excision Breast Biopsy ,,,,,,,,
Exercise and Activity,,,,,,,,
Exercise Cardiac Stress Test ,,,,,,,,
Exercise Stress Test,,,,,,,,
Exercise-Induced Asthma,,,,,,,,
Exhaustion Heat ,,,,,,,,
Exocrine Pancreatic Insufficiency ,,,,,,,,
Exocrine Pancreatic Insufficiency EPI,,,,,,,,
Extensively Drug-Resistant Tuberculosis ,,,,,,,,
External Catheters for Incontinence ,,,,,,,,
extrasystole ,,,,,,,,
Extratemporal Cortical Resection,,,,,,,,
Eye Allergy,,,,,,,,
Eye Black ,,,,,,,,
Eye Care,,,,,,,,
Eye Care Eye Disorder ,,,,,,,,
Eye Floaters,,,,,,,,
Eye Pressure Measurement ,,,,,,,,
Eye Strain,,,,,,,,
Eyebrow Lift ,,,,,,,,
"Eyeglasses, Sunglasses, and Magnifiers",,,,,,,,
"Eyeglasses, Sunglasses, and Magnifying Glasses ",,,,,,,,
eyelid inflammation ,,,,,,,,
Eyelid Surgery ,,,,,,,,
Fabry's Disease,,,,,,,,
Face Blindness ,,,,,,,,
Face Lift,,,,,,,,
Facial Nerve Problems,,,,,,,,
Factitious Disorders,,,,,,,,
Fainting,,,,,,,,
Fallopian Tube Removal ,,,,,,,,
FANA ,,,,,,,,
Farsightedness,,,,,,,,
Fatigue,,,,,,,,
Fatty Liver,,,,,,,,
Febrile Seizures,,,,,,,,
Fecal Incontinence,,,,,,,,
Fecal Occult Blood Tests,,,,,,,,
Feet Sweating Excessive ,,,,,,,,
Feet Swollen ,,,,,,,,
Felty's Syndrome,,,,,,,,
Feltys Syndrome ,,,,,,,,
Female Condom ,,,,,,,,
Female Reproductive ,,,,,,,,
Female Reproductive System,,,,,,,,
Ferritin Blood Test,,,,,,,,
Fetal Alcohol Syndrome ,,,,,,,,
Fetal Movement: Feeling Baby Kick Week-by-Week,,,,,,,,
Fetus vs. Embryo ,,,,,,,,
Fever and Headache,,,,,,,,
Fibrocystic Breast Condition,,,,,,,,
Fibromyalgia Facts,,,,,,,,
Fibromyalgia vs. Rheumatoid Arthritis ,,,,,,,,
FibrosIdiopathic Pulmonary ,,,,,,,,
fibrositis ,,,,,,,,
Fifth Disease,,,,,,,,
Fillings,,,,,,,,
Financial Planning in Alzheimer's Disease,,,,,,,,
Fine Needle Aspiration Breast Biopsy ,,,,,,,,
Fine-Needle Aspiration Biopsy of the Thyroid,,,,,,,,
Finger Broken ,,,,,,,,
Finger Dislocation,,,,,,,,
First Aid,,,,,,,,
First Aid for Seizures,,,,,,,,
Fish Odor Syndrome ,,,,,,,,
Fish Poisoning Ciguatera ,,,,,,,,
Fish Toxin Ciguatera ,,,,,,,,
Fitness ,,,,,,,,
Fitness: Exercise for a Healthy Heart,,,,,,,,
Flakka,,,,,,,,
Flash Hot ,,,,,,,,
Flatfoot ,,,,,,,,
Flea Bites in Humans,,,,,,,,
Flexible Sigmoidoscopy,,,,,,,,
Flu Shot Pregnancy ,,,,,,,,
Flu Shot Pregnancy Side Effects ,,,,,,,,
Flu Stomach ,,,,,,,,
Flu Swine ,,,,,,,,
Flu Vaccination,,,,,,,,
Flu vs. Cold ,,,,,,,,
Fluorescent Antinuclear Antibody ,,,,,,,,
Focal Neuropathy Diabetic ,,,,,,,,
Folliculitis,,,,,,,,
Food Allergy,,,,,,,,
Food Poisoning,,,,,,,,
Foot Broken ,,,,,,,,
Foot Gangrene ,,,,,,,,
Foot Pain,,,,,,,,
Foot Problems ,,,,,,,,
Foot Problems Diabetes ,,,,,,,,
Foot Swollen ,,,,,,,,
Formula Feeding ,,,,,,,,
Fracture Children ,,,,,,,,
Fracture Growth Plate ,,,,,,,,
Fracture Teenager ,,,,,,,,
Fracture Toe ,,,,,,,,
Fragile X Syndrome,,,,,,,,
Freckles,,,,,,,,
Freeze Nerves ,,,,,,,,
Frequent Urination,,,,,,,,
Frontotemporal dementia ,,,,,,,,
Frostbite,,,,,,,,
Frostnip ,,,,,,,,
Frozen Shoulder,,,,,,,,
Functional Hemispherectomy ,,,,,,,,
Fundoplication,,,,,,,,
Fungal Arthritis,,,,,,,,
Fungal Meningitis,,,,,,,,
Fungal Nails,,,,,,,,
"Fusion, Lumbar ",,,,,,,,
G6PD Deficiency,,,,,,,,
G6PD Deficiency ,,,,,,,,
Gallbladder Cancer,,,,,,,,
Gallbladder Pain ,,,,,,,,
Gallbladder Scan ,,,,,,,,
Gallbladder x-ray ,,,,,,,,
Gallstones,,,,,,,,
Gambling Addiction,,,,,,,,
Ganglion,,,,,,,,
Gangrene,,,,,,,,
Gardasil HPV Vaccine,,,,,,,,
Gardner Syndrome,,,,,,,,
GAS Test ,,,,,,,,
Gastric Banding Surgery ,,,,,,,,
Gastric Bypass Surgery,,,,,,,,
gastric cancer ,,,,,,,,
Gastric Emptying Study,,,,,,,,
Gastritis,,,,,,,,
Gastroenteritis ,,,,,,,,
Gastroenteritis Contagious  Contagious,,,,,,,,
Gastroesophageal Junction Adenocarcinoma,,,,,,,,
Gastroesophageal Reflux Disease ,,,,,,,,
Gastroesophageal Reflux Disease Test ,,,,,,,,
Gastroparesis,,,,,,,,
Gastroscopy ,,,,,,,,
Gaucher Disease,,,,,,,,
Genetic Counseling,,,,,,,,
Genetic Disease,,,,,,,,
Genetic Testing Families With Breast Cancer,,,,,,,,
Genetic Testing for Breast Cancer,,,,,,,,
Genital Herpes ,,,,,,,,
Genital Herpes in Women Overview,,,,,,,,
Genital Warts in Men ,,,,,,,,
Genital Warts In Women,,,,,,,,
GERD in Infants and Children,,,,,,,,
GERD Surgery ,,,,,,,,
GERD Test ,,,,,,,,
German Measles,,,,,,,,
Gestational Diabetes,,,,,,,,
Giant Cell Arterit ,,,,,,,,
Giant Cell Arteritis ,,,,,,,,
Giant Platelet Syndrome ,,,,,,,,
Giardia Lamblia,,,,,,,,
Giardia Lamblia Infection ,,,,,,,,
Gilbert Syndrome,,,,,,,,
Gingivitis Contagious ,,,,,,,,
Glands Swollen Lymph ,,,,,,,,
Glands Swollen Nodes ,,,,,,,,
Glaucoma,,,,,,,,
glossodynia ,,,,,,,,
Glucose Tolerance Test,,,,,,,,
Gluteal Injury,,,,,,,,
gonadal dysgenesis ,,,,,,,,
Gonorrhea In Women,,,,,,,,
Good Cholesterol Test ,,,,,,,,
Gout ,,,,,,,,
Graft Versus Host Disease ,,,,,,,,
Graves' Disease,,,,,,,,
Grief ,,,,,,,,
Group B Strep,,,,,,,,
Growth Plate Fractures and Injuries,,,,,,,,
Guillain-Barre Syndrome,,,,,,,,
Guinea Worm Disease,,,,,,,,
Guinea Worm Disease ,,,,,,,,
Gum Disease,,,,,,,,
Gum Problems,,,,,,,,
Gynecomastia,,,,,,,,
H. pylori ,,,,,,,,
Hailey-Hailey Disease ,,,,,,,,
Hair Loss,,,,,,,,
Hair Removal,,,,,,,,
Hamstring Injury,,,,,,,,
Hand Surgery ,,,,,,,,
Hand Sweating Excessive ,,,,,,,,
Hand-Foot-And-Mouth Syndrome,,,,,,,,
Hansens disease ,,,,,,,,
Hantavirus Pulmonary Syndrome,,,,,,,,
Hashimoto's Thyroiditis,,,,,,,,
Hay Fever,,,,,,,,
HDL Cholesterol Test ,,,,,,,,
HDL vs. LDL Cholesterol Differences,,,,,,,,
Head and Neck Cancer,,,,,,,,
Head and Neck Cancer ,,,,,,,,
Head Injury,,,,,,,,
Head Lice,,,,,,,,
Head Lice vs Dandruff,,,,,,,,
Headache,,,,,,,,
Headache Remedies Food Triggers,,,,,,,,
Headache Sinus ,,,,,,,,
Headache Spinal ,,,,,,,,
Headache Tension ,,,,,,,,
Headache vs. Migraine ,,,,,,,,
Headaches in Children,,,,,,,,
Health and the Workplace,,,,,,,,
Health Reproductive ,,,,,,,,
Health Sexual ,,,,,,,,
Healthy Living,,,,,,,,
Hearing Testing of Newborns ,,,,,,,,
Heart Attack,,,,,,,,
Heart Attack and Atherosclerosis Prevention,,,,,,,,
Heart Attack in Women,,,,,,,,
Heart Attack Pathology ,,,,,,,,
Heart Attack Pathology: Photo Essay,,,,,,,,
Heart Attack Prevention,,,,,,,,
Heart Attack Prevention Overview ,,,,,,,,
Heart Attack Symptoms and Early Warning Signs,,,,,,,,
Heart Attack Symptoms and Signs ,,,,,,,,
Heart Attack Treatment,,,,,,,,
Heart Attack vs Heartburn Differences,,,,,,,,
Heart Attack vs Stroke Brain Attack,,,,,,,,
Heart Bypass ,,,,,,,,
heart disease ,,,,,,,,
Heart Disease ,,,,,,,,
Heart Disease in Women,,,,,,,,
Heart Disease in Women ,,,,,,,,
Heart Disease Treatment in Women,,,,,,,,
Heart Disease Treatment in Women ,,,,,,,,
"Heart Disease, Testing For ",,,,,,,,
Heart Failure,,,,,,,,
Heart Failure  Overview,,,,,,,,
Heart function ,,,,,,,,
Heart Lead Extraction,,,,,,,,
Heart Murmur,,,,,,,,
heart muscle disease ,,,,,,,,
heart muscle disease ,,,,,,,,
heart muscle disease ,,,,,,,,
Heart Palpitations ,,,,,,,,
Heart Rhythm Disorders,,,,,,,,
Heart Transplant,,,,,,,,
Heart Valve Disease,,,,,,,,
Heart Valve Disease Treatment,,,,,,,,
Heart: How the Heart Works,,,,,,,,
Heartburn ,,,,,,,,
Heartburn ,,,,,,,,
Heartburn and Pregnancy,,,,,,,,
Heartburn vs. Acid Reflux Differences Similarities,,,,,,,,
Heartburn vs. Heart Attack ,,,,,,,,
Heat Cramps,,,,,,,,
Heat Exhaustion,,,,,,,,
Heat Rash,,,,,,,,
Heat Related Illness ,,,,,,,,
Heat Related Illness Heat Exhaustion ,,,,,,,,
Heat Stroke,,,,,,,,
Heb B ,,,,,,,,
Heel Spurs,,,,,,,,
Helicobacter Pylori,,,,,,,,
Helicobacter pylori ,,,,,,,,
Helicobacter Pylori Breath Test ,,,,,,,,
Hemangioma Hepatic ,,,,,,,,
Hemapheresis,,,,,,,,
Hematocrit,,,,,,,,
Hematoma,,,,,,,,
hematoma vs bruise,,,,,,,,
hematuria ,,,,,,,,
Hemodialysis,,,,,,,,
Hemodialysis ,,,,,,,,
Hemoglobin,,,,,,,,
Hemoglobin A1c Test,,,,,,,,
Hemoglobin Level Low ,,,,,,,,
Hemoglobin vs Hematocrit,,,,,,,,
Hemolytic Uremic Syndrome,,,,,,,,
Hemophilia,,,,,,,,
"Hemorrhoidectomy, Stapled ",,,,,,,,
Hemorrhoids ,,,,,,,,
Henoch-Schonlein Purpura,,,,,,,,
Hep A ,,,,,,,,
Hep C ,,,,,,,,
Hep C Contagious ,,,,,,,,
hepatic cirrhosis ,,,,,,,,
Hepatic Dysfunction Constitutional ,,,,,,,,
Hepatic Hemangioma,,,,,,,,
Hepatitis A,,,,,,,,
Hepatitis B,,,,,,,,
Hepatitis C,,,,,,,,
Hepatitis C Cure Symptoms and Treatment Costs,,,,,,,,
Hepatitis E Viral Infection symptoms,,,,,,,,
Hepatitis Immunizations,,,,,,,,
Hereditary Angioedema HAE,,,,,,,,
Hernia Hiatal ,,,,,,,,
Hernia Overview,,,,,,,,
Herniated Disc,,,,,,,,
Herpangina,,,,,,,,
herpes labialis ,,,,,,,,
Herpes of the Eye,,,,,,,,
Herpes Simplex Infections ,,,,,,,,
herpes zoster ,,,,,,,,
herpes zoster oticus ,,,,,,,,
Heterochromia Iridis,,,,,,,,
HFMD ,,,,,,,,
HFMD Contagious  Contagious,,,,,,,,
Hiatal Hernia Overview,,,,,,,,
Hiccups,,,,,,,,
HIDA Scan ,,,,,,,,
Hidradenitis Suppurativa,,,,,,,,
High Blood Potassium ,,,,,,,,
High Blood Pressure ,,,,,,,,
High Blood Pressure Hypertension,,,,,,,,
High Blood Pressure Treatment,,,,,,,,
High Cholesterol: Frequently Asked Questions,,,,,,,,
High Sensitivity Troponin Test Ranges and values,,,,,,,,
High Triglycerides ,,,,,,,,
Hip Bursitis,,,,,,,,
Hip Pain,,,,,,,,
Hip Replacement ,,,,,,,,
Hirschsprung Disease,,,,,,,,
Histoplasmosis Facts,,,,,,,,
HIV ,,,,,,,,
HIV AIDS Facts What Is HIV,,,,,,,,
HIV AIDS Infection Transmission Prevention,,,,,,,,
HIV AIDS Testing Diagnosis Monitoring,,,,,,,,
HIV Medications List and Drug Charts,,,,,,,,
HIV Testing,,,,,,,,
HIV vs AIDS,,,,,,,,
HIV/AIDS ,,,,,,,,
Hives,,,,,,,,
Hives Contagious  Contagious,,,,,,,,
Hoarseness,,,,,,,,
Hodgkin's and Non-Hodgkin's Lymphoma Comparison,,,,,,,,
Hodgkins ,,,,,,,,
Hodgkins Disease,,,,,,,,
Hodgkins vs Non Hodgkins Lymphoma ,,,,,,,,
Holiday Depression And Stress,,,,,,,,
Holiday Depression Anxiety Stress ,,,,,,,,
Home Pregnancy Tests ,,,,,,,,
Home remedies Diabetes Type 1 and 2 ,,,,,,,,
Homocysteine,,,,,,,,
Homocystinuria ,,,,,,,,
Homograft Valve ,,,,,,,,
Hookahs vs Cigarettes Addiction and Health Dangers,,,,,,,,
Hormonal Methods of Birth Control,,,,,,,,
Hormone Replacement Therapy ,,,,,,,,
Hormone Therapy,,,,,,,,
Hospice,,,,,,,,
Hot Flashes,,,,,,,,
How Is Prostate Cancer Diagnosed,,,,,,,,
How Long a Cold or Flu Contagious ,,,,,,,,
How Long Is a Cold or Flu Contagious,,,,,,,,
How to Get Rid of Common Warts Fast,,,,,,,,
How to Lower Triglycerides Naturally,,,,,,,,
How to Stop Coughing,,,,,,,,
How to Stop Snoring,,,,,,,,
HPV in Men ,,,,,,,,
HPV Infection Human Papillomavirus,,,,,,,,
human immunodeficiency virus ,,,,,,,,
Human Immunodeficiency Virus ,,,,,,,,
Human Papillomavirus Test ,,,,,,,,
Hunter Syndrome Mucopolysaccharidosis II MPS,,,,,,,,
Huntington Disease,,,,,,,,
Huntingtons Disease ,,,,,,,,
Hurricane Preparedness,,,,,,,,
Hydrocele ,,,,,,,,
Hydrocephalus,,,,,,,,
Hydrogen Breath Test,,,,,,,,
Hydronephrosis,,,,,,,,
Hydroxyapatite,,,,,,,,
Hyopgonadism Primary ,,,,,,,,
Hyopgonadism Secondary ,,,,,,,,
Hyopgonadism Tertiary ,,,,,,,,
Hyperbilirubinemia in Adults ,,,,,,,,
Hypercalcemia,,,,,,,,
hypercortisolism ,,,,,,,,
Hyperdontia,,,,,,,,
Hyperglycemia,,,,,,,,
Hyperhidrosis,,,,,,,,
Hyperhidrosis ,,,,,,,,
Hyperkalemia,,,,,,,,
Hyperkalemia ,,,,,,,,
Hypermobility Syndrome,,,,,,,,
Hyperparathyroidism,,,,,,,,
Hyperphenylalaninemia Non-Phenylketonuric ,,,,,,,,
Hyperpyrexia Malignant ,,,,,,,,
Hypersensitivity Pneumonitis,,,,,,,,
Hypersensitivity Pneumonitis ,,,,,,,,
Hypersomnia,,,,,,,,
Hypertension Idiopathic Intracranial ,,,,,,,,
Hypertension Portal ,,,,,,,,
Hyperthermia,,,,,,,,
Hyperthermia Malignant ,,,,,,,,
Hyperthyroidism,,,,,,,,
hypertonicity of bladder ,,,,,,,,
HypnoBirthing for Childbirth ,,,,,,,,
hypocortisolism ,,,,,,,,
Hypoglycemia,,,,,,,,
Hypoglycemia ,,,,,,,,
Hypokalemia ,,,,,,,,
Hypomania vs. Mania ,,,,,,,,
Hyponatremia,,,,,,,,
Hypoparathyroidism,,,,,,,,
Hypotension ,,,,,,,,
Hypotension Orthostatic ,,,,,,,,
Hypothermia ,,,,,,,,
Hypothyroidism,,,,,,,,
Hypothyroidism During Pregnancy,,,,,,,,
Hypoxemia ,,,,,,,,
Hypoxia and Hypoxemia,,,,,,,,
Hysterectomy,,,,,,,,
"Hysterectomy, Vaginal Assisted ",,,,,,,,
Hysteroscopic Sterilization ,,,,,,,,
Hysteroscopy,,,,,,,,
IBD diet  Diet Plan,,,,,,,,
IBD vs. IBS ,,,,,,,,
IBS vs IBD Differences and Similarities,,,,,,,,
IBS-D Irrititable Bowel Syndrome with Diarrhea,,,,,,,,
Ichthyosis Vulgaris,,,,,,,,
ICU Psychosis,,,,,,,,
idiopathic facial paralysis ,,,,,,,,
Idiopathic Pulmonary Fibrosis ,,,,,,,,
Idiopathic Thrombocytopenic Purpura ,,,,,,,,
ileitis ,,,,,,,,
Ileoanal Reservoir ,,,,,,,,
Ileostomy ,,,,,,,,
Ileostomy ,,,,,,,,
Iliotibial Band Syndrome,,,,,,,,
Iliotibial Band Syndrome ,,,,,,,,
Imaging Colonoscopy ,,,,,,,,
immune thrombocytopenic purpura ,,,,,,,,
"Immunization, Flu ",,,,,,,,
Immunizations,,,,,,,,
Immunotherapy ,,,,,,,,
Impetigo,,,,,,,,
Impetigo Contagious ,,,,,,,,
Impingement Syndrome,,,,,,,,
Implantable Cardiac Defibrillator,,,,,,,,
Implants Endometrial ,,,,,,,,
Impotence ,,,,,,,,
Inclusion Body Myositis,,,,,,,,
Incontinence Products for Men ,,,,,,,,
Indirect vs. Direct Hernia ,,,,,,,,
Indoor Allergens,,,,,,,,
Infant Formulas,,,,,,,,
Infants Sleep ,,,,,,,,
Infection Chikungunya ,,,,,,,,
Infection Cryptococcus ,,,,,,,,
Infection Cyclospora ,,,,,,,,
Infection Enterovirus ,,,,,,,,
Infection HPV ,,,,,,,,
Infection Human Papillomavirus ,,,,,,,,
Infection Listeria ,,,,,,,,
Infection Non-Polio Enterovirus ,,,,,,,,
Infection Pinworms ,,,,,,,,
Infection Sinus Contagious ,,,,,,,,
Infection Testicle ,,,,,,,,
Infectious Mononucleosis,,,,,,,,
Infertility,,,,,,,,
inflammation of the heart valve ,,,,,,,,
Inflammation Sclera ,,,,,,,,
Inflammation Vaginal ,,,,,,,,
Inflammatory Bowel Disease  Diet Plan,,,,,,,,
Inflammatory Bowel Disease: Intestinal Problems,,,,,,,,
Inflammatory Breast Cancer,,,,,,,,
Influenza,,,,,,,,
Influenza ,,,,,,,,
Influenza Immunization ,,,,,,,,
Infusion ,,,,,,,,
Ingrown Hair,,,,,,,,
Ingrown Toenail,,,,,,,,
Injection of Soft Tissues and Joints ,,,,,,,,
"Injection, Trigger Point ",,,,,,,,
Injury Growth Plate ,,,,,,,,
Inner Ear Infection,,,,,,,,
Insect Sting Allergies,,,,,,,,
Insomnia,,,,,,,,
Instructions for Sinus Surgery ,,,,,,,,
Insulin Pump For Diabetes Mellitus,,,,,,,,
Insulin Resistance,,,,,,,,
Internal Bleeding,,,,,,,,
Interstitial Cystitis,,,,,,,,
Interstitial Lung Disease ,,,,,,,,
Intertrigo,,,,,,,,
Intervenous Infusion ,,,,,,,,
Intestinal Gas ,,,,,,,,
Intestinal Gas ,,,,,,,,
Intraductal Papillary Mucinous Nneoplasm Pancreas ,,,,,,,,
Intramuscular Electromyogram ,,,,,,,,
Intraocular Melanoma ,,,,,,,,
Intrauterine Device ,,,,,,,,
Intravenous Cholangiogram,,,,,,,,
Intubation ,,,,,,,,
Intussusception,,,,,,,,
IPMN Pancreas ,,,,,,,,
Iritis,,,,,,,,
Iron and Iron Deficiency,,,,,,,,
Iron Overload,,,,,,,,
Irritable Bowel Syndrome ,,,,,,,,
"Irritable Bowel Syndrome  Triggers, Prevention",,,,,,,,
Irritable Bowel Syndrome in Children,,,,,,,,
Ischemic chest pain ,,,,,,,,
Islet Cell Transplantation,,,,,,,,
Islet Cell Tumors ,,,,,,,,
Itch,,,,,,,,
Itching Anal ,,,,,,,,
IV Drug Infusion FAQs,,,,,,,,
Jaundice in Adults,,,,,,,,
Jaw Implant ,,,,,,,,
Jet Lag,,,,,,,,
Jock Itch,,,,,,,,
Jock Itch Contagious  Contagious,,,,,,,,
Joint Aspiration,,,,,,,,
joint inflammation ,,,,,,,,
Joint Injection ,,,,,,,,
Joint Replacement of Hip ,,,,,,,,
Joint Replacement of Knee ,,,,,,,,
Joint Replacement Surgery Of The Hand,,,,,,,,
Joint Tap ,,,,,,,,
Juvenile ,,,,,,,,
Juvenile Arthritis,,,,,,,,
Juvenile Bone Health,,,,,,,,
Kahlers disease ,,,,,,,,
Kawasaki Disease,,,,,,,,
Kegel Exercises for Men,,,,,,,,
Kegel Exercises for Women,,,,,,,,
Keloid,,,,,,,,
Keratectomy ,,,,,,,,
"Keratectomy, Photorefractive ",,,,,,,,
Keratitis,,,,,,,,
keratoconjunctivitis sicca ,,,,,,,,
Keratoconus,,,,,,,,
Keratoplasty Eye Surgery ,,,,,,,,
Keratosis Pilaris,,,,,,,,
Kernicterus,,,,,,,,
KetoacidosDiabetic ,,,,,,,,
Khat,,,,,,,,
Kidney Cancer,,,,,,,,
Kidney Cysts ,,,,,,,,
Kidney Dialysis ,,,,,,,,
Kidney Disease ,,,,,,,,
Kidney Dysplasia,,,,,,,,
Kidney Failure,,,,,,,,
Kidney Failure Treatment ,,,,,,,,
Kidney Function ,,,,,,,,
Kidney Infection,,,,,,,,
Kidney Pain,,,,,,,,
Kidney Pain vs. Back Pain,,,,,,,,
Kidney Stones,,,,,,,,
Kids Depression ,,,,,,,,
Killer Cold Virus ,,,,,,,,
Kinesio Tape,,,,,,,,
Kit Earthquake ,,,,,,,,
Kleine-Levin Syndrome,,,,,,,,
Klinefelter Syndrome,,,,,,,,
Klinefelter Syndrome ,,,,,,,,
Klippel Trenaunay Weber Syndrome ,,,,,,,,
Klippel-Trenaunay-Weber Syndrome,,,,,,,,
Knee Bursitis,,,,,,,,
Knee Injury and Meniscus Tears,,,,,,,,
Knee Pain Facts,,,,,,,,
Knee Replacement ,,,,,,,,
Kyphosis,,,,,,,,
Kyphosis ,,,,,,,,
Labor and Delivery,,,,,,,,
Labor False ,,,,,,,,
Labor Pain Relief Options ,,,,,,,,
Labyrinthitis ,,,,,,,,
Lactation Infertility ,,,,,,,,
Lactose Intolerance,,,,,,,,
Lactose Tolerance Test,,,,,,,,
Lactose Tolerance Test for Infants ,,,,,,,,
Lamaz Technique for Childbirth ,,,,,,,,
Landau Kleffner Syndrome ,,,,,,,,
Landau-Kleffner Syndrome,,,,,,,,
Lap Band Surgery ,,,,,,,,
Laparoscopic Liver Biopsy ,,,,,,,,
Laparoscopic Supra Cervical Hysterectomy ,,,,,,,,
Laparoscopically Assisted Vaginal Hysterectomy,,,,,,,,
Laparoscopy,,,,,,,,
Laparoscopy-Assisted Vaginal Hysterectomy ,,,,,,,,
LaryngitContagious ,,,,,,,,
Laryngitis,,,,,,,,
Laryngitis Home Remedies Medicine Treatment Cures,,,,,,,,
Laryngitis Reflux ,,,,,,,,
laryngotracheobronchitis ,,,,,,,,
Larynx Cancer,,,,,,,,
LASEK Laser Eye Surgery,,,,,,,,
Laser Resurfacing,,,,,,,,
Laser Thermokeratoplasty ,,,,,,,,
Lasers in Dental Care,,,,,,,,
LASIK ,,,,,,,,
LASIK Eye Surgery,,,,,,,,
Lassa Fever,,,,,,,,
Lateral Epicondylitis ,,,,,,,,
Latex Allergy,,,,,,,,
Laxatives For Constipation,,,,,,,,
LDL Cholesterol Test ,,,,,,,,
LDL vs. HDL ,,,,,,,,
Lead Poisoning,,,,,,,,
Learning Disability,,,,,,,,
Left Brain vs. Right Brain,,,,,,,,
Left Ventricular Assist Device ,,,,,,,,
legionella pneumonia ,,,,,,,,
Legionnaire Disease and Pontiac Fever,,,,,,,,
Legionnaires Disease ,,,,,,,,
Legs Restless ,,,,,,,,
Leigh's Syndrome ,,,,,,,,
Leighs Syndrome ,,,,,,,,
Leishmaniasis,,,,,,,,
Leprosy,,,,,,,,
Leprosy Contagious  Contagious,,,,,,,,
Leptospirosis,,,,,,,,
Lesionectomy,,,,,,,,
Lesions on the Brain ,,,,,,,,
Leukapheresis ,,,,,,,,
Leukemia,,,,,,,,
Leukopheresis ,,,,,,,,
Leukoplakia,,,,,,,,
Lewy Body Dementia ,,,,,,,,
Lichen Planus,,,,,,,,
lichen ruber planus ,,,,,,,,
Lichen Sclerosus,,,,,,,,
Lip Augmentation,,,,,,,,
Lipid Panel ,,,,,,,,
Lipodystrophy ,,,,,,,,
Lipoplasty ,,,,,,,,
Lipoprotein Panel ,,,,,,,,
Liposarcoma,,,,,,,,
Liposculpture ,,,,,,,,
Liposuction,,,,,,,,
Listeria,,,,,,,,
Liver ,,,,,,,,
Liver Biopsy,,,,,,,,
Liver Blood Tests,,,,,,,,
Liver Cancer  Prevention,,,,,,,,
Liver Cancer Hepatocellular Carcinoma,,,,,,,,
Liver Disease,,,,,,,,
Liver Enzymes ,,,,,,,,
Liver function ,,,,,,,,
Liver Resection,,,,,,,,
Liver Transplant,,,,,,,,
Liver-Related Procedures and Tests,,,,,,,,
Lobe Resection ,,,,,,,,
Locked in Syndrome ,,,,,,,,
Locked-in Syndrome,,,,,,,,
lockjaw ,,,,,,,,
Loeys-Dietz Syndrome,,,,,,,,
Loop Electrosurgical Excision Procedure,,,,,,,,
"Loss, Grief, and Bereavement",,,,,,,,
Lou Gehrigs disease ,,,,,,,,
Low Back Pain,,,,,,,,
Low Blood Pressure,,,,,,,,
Low FODMAP Diet for IBS ,,,,,,,,
Low FODMAP Diet List of Foods to Eat and Avoid,,,,,,,,
Low neutrophil count ,,,,,,,,
Low Potassium ,,,,,,,,
Low Testosterone ,,,,,,,,
Lower Cholesterol Levels with Diet and Medication,,,,,,,,
Lower GI ,,,,,,,,
LTK Laser Eye Surgery,,,,,,,,
lumbago ,,,,,,,,
Lumbar Puncture,,,,,,,,
Lumbar Spinal Fusion ,,,,,,,,
Lumbar Stenosis,,,,,,,,
Lumpectomy ,,,,,,,,
Lung Anatomy ,,,,,,,,
Lung Cancer,,,,,,,,
Lungs Design And Purpose,,,,,,,,
Lungs Fluid ,,,,,,,,
Lupus ,,,,,,,,
Lupus Contagious ,,,,,,,,
Lyme Disease,,,,,,,,
Lyme Disease Contagious ,,,,,,,,
"Lymph Node Biopsy, Sentinel ",,,,,,,,
Lymph Swollen Glands ,,,,,,,,
Lymph Swollen Nodes ,,,,,,,,
Lymphapheresis ,,,,,,,,
lymphatic obstruction ,,,,,,,,
Lymphedema,,,,,,,,
Lymphocytic Colitis,,,,,,,,
Lymphoma Hodgkins ,,,,,,,,
Lymphopheresis ,,,,,,,,
M2 Antigen ,,,,,,,,
Macular Degeneration,,,,,,,,
Mad Cow Disease,,,,,,,,
Magnetic Resonance Imaging ,,,,,,,,
Malaria Contagious ,,,,,,,,
Malaria,,,,,,,,
Male Breast Cancer,,,,,,,,
Male Menopause,,,,,,,,
Malignant Hyperthermia,,,,,,,,
malignant melanoma ,,,,,,,,
malignant neoplasm of testis ,,,,,,,,
Mammogram,,,,,,,,
Mammography ,,,,,,,,
man boobs ,,,,,,,,
Mania vs Hypomania,,,,,,,,
"Manometry, Esophageal ",,,,,,,,
Mantle Cell Lymphoma ,,,,,,,,
"Marburg Virus History, Symptoms, and Treatment",,,,,,,,
Marfan Syndrome,,,,,,,,
Marijuana,,,,,,,,
Marrow ,,,,,,,,
Marrow Transplant ,,,,,,,,
Mastoiditis,,,,,,,,
Masturbation,,,,,,,,
MC Lymphoma ,,,,,,,,
MCL Injury  Injury,,,,,,,,
Mean Cell Hemoglobin ,,,,,,,,
Mean Cell Hemoglobin Concentration ,,,,,,,,
Mean Cell Volume ,,,,,,,,
Mean Platelet Volume ,,,,,,,,
Measles ,,,,,,,,
Mechanical Valve ,,,,,,,,
Medial Collateral Ligament  Injury,,,,,,,,
median nerve compression ,,,,,,,,
Medical Marijuana ,,,,,,,,
Medical Marijuana ,,,,,,,,
Medication Infusion ,,,,,,,,
Medications Cholesterol ,,,,,,,,
Medications Type 2 Diabetes ,,,,,,,,
Mediterranean fever ,,,,,,,,
Melanoma,,,,,,,,
Melanoma ,,,,,,,,
Melanosis Coli,,,,,,,,
MELAS Syndrome,,,,,,,,
MELAS Syndrome ,,,,,,,,
Melasma,,,,,,,,
Melioidosis,,,,,,,,
Men Disease Prevention ,,,,,,,,
Men Health Screening for Men ,,,,,,,,
Men Night Sweats ,,,,,,,,
Meniere Disease,,,,,,,,
Menieres Disease ,,,,,,,,
MeningitContagious ,,,,,,,,
Meningitis,,,,,,,,
Meningococcemia,,,,,,,,
Meningoencephalitis Toxoplasma ,,,,,,,,
Menopause,,,,,,,,
Menopause ,,,,,,,,
Menopause and Sex,,,,,,,,
Menopause Hot Flashes ,,,,,,,,
Mens Health,,,,,,,,
Mens Health ,,,,,,,,
Menstrual Cramps,,,,,,,,
Menstrual Cramps and PMS Medication Guide,,,,,,,,
Menstruation,,,,,,,,
Mental Health ,,,,,,,,
Mental Illness,,,,,,,,
Mental Illness in Children,,,,,,,,
Meralgia Paresthetica,,,,,,,,
Mercury Poisoning,,,,,,,,
Mesothelioma,,,,,,,,
Metabolic Syndrome,,,,,,,,
Methemoglobinemia,,,,,,,,
Microcephaly,,,,,,,,
Microdermabrasion,,,,,,,,
Micropigmentation ,,,,,,,,
Microsporidiosis,,,,,,,,
Midwife vs. Doula ,,,,,,,,
Migraine ,,,,,,,,
Migraine Abdominal ,,,,,,,,
Migraine and Seizures Symptoms and Signs,,,,,,,,
Migraine and Stroke Symptoms,,,,,,,,
Migraine vs Headache Whats the Difference,,,,,,,,
milk intolerance ,,,,,,,,
Milk Tolerance Test ,,,,,,,,
Mini Stroke ,,,,,,,,
Mini-Stroke vs. Stroke ,,,,,,,,
Minimally Invasive Lumbar Spinal Fusion,,,,,,,,
Miscarriage Causes and Symptoms,,,,,,,,
Misophonia,,,,,,,,
Mitochondrial Disease,,,,,,,,
Mitral Valve Prolapse,,,,,,,,
Mixed Connective Tissue Disease,,,,,,,,
Mohs Surgery,,,,,,,,
Mold Exposure,,,,,,,,
Moles,,,,,,,,
Molluscum Contagiosum Facts,,,,,,,,
Monilia Infection Children ,,,,,,,,
"Monitoring, Esophageal pH Test ",,,,,,,,
Monkeypox,,,,,,,,
Mononucleos Contagious  Contagious,,,,,,,,
Morgellons Disease,,,,,,,,
Morning after Pill ,,,,,,,,
Morton's Neuroma,,,,,,,,
Mortons Neuroma ,,,,,,,,
"Motility Study, Antro-duodenal ",,,,,,,,
"Motility, Esophageal Study ",,,,,,,,
Motion Sickness ,,,,,,,,
Mouth Guards,,,,,,,,
Moyamoya Disease,,,,,,,,
MPS I Mucopolysaccharidosis Type I Hurler Syndrome,,,,,,,,
MPS II MucopolysaccharidosII Hunter Syndrome ,,,,,,,,
MRI Scan,,,,,,,,
MRSA Contagious ,,,,,,,,
MRSA Infection,,,,,,,,
MS  Symptoms and Treatments,,,,,,,,
MS Alternative and Complementary Therapies ,,,,,,,,
MS Contagious ,,,,,,,,
Mucinous Cyst Adenomas Pancreas ,,,,,,,,
mucocutaneous lymph node syndrome ,,,,,,,,
MucopolysaccharidosII Hunter Syndrome ,,,,,,,,
Mucormycosis,,,,,,,,
Mucus Inspection Method of Birth Control ,,,,,,,,
Multiple Myeloma,,,,,,,,
Multiple Sclerosis ,,,,,,,,
Multiple Sclerosis MS and Pregnancy,,,,,,,,
Multiple Sclerosis MS Early Signs and Types,,,,,,,,
Multiple Subpial Transection,,,,,,,,
Mumps,,,,,,,,
Munchausen Syndrome,,,,,,,,
Munchausen Syndrome by Proxy,,,,,,,,
Murmur Congenital ,,,,,,,,
Murmur Heart ,,,,,,,,
Muscle Cramps,,,,,,,,
Muscle Pain,,,,,,,,
Muscle Spasms,,,,,,,,
Muscular Atrophy Spinal ,,,,,,,,
Musculoskeletal Pain ,,,,,,,,
Myasthenia Gravis,,,,,,,,
Mycobacterium Marinum,,,,,,,,
Myocardial Biopsy,,,,,,,,
myocardial infarction ,,,,,,,,
Myocarditis,,,,,,,,
Myogram ,,,,,,,,
Myopathies Mitochondrial ,,,,,,,,
Myopia,,,,,,,,
Myringotomy ,,,,,,,,
Myxedema Coma,,,,,,,,
Naegleria Infection,,,,,,,,
Narcissistic Personality Disorder,,,,,,,,
Narcolepsy,,,,,,,,
Nasal Airway Surgery,,,,,,,,
Nasopharyngeal Cancer,,,,,,,,
Natural Home Remedies for Sunburn Treatment,,,,,,,,
Natural Methods of Birth Control,,,,,,,,
Nature vs Nurture Theory Genes or Environment,,,,,,,,
Nausea and Vomiting,,,,,,,,
Nebulizer for Asthma,,,,,,,,
Neck Lift Cosmetic Surgery,,,,,,,,
Neck Pain,,,,,,,,
neck pain and dizziness,,,,,,,,
Necropsy ,,,,,,,,
Necrotizing Fasciitis,,,,,,,,
neonatal hyperbilirubinemia ,,,,,,,,
Neoplasm Thymomic ,,,,,,,,
nephrolithiasis ,,,,,,,,
Nephropathy Hypertensive ,,,,,,,,
Nerve Blocks,,,,,,,,
Nerve Conduction Velocity Test,,,,,,,,
Nerve Disease and Bladder Control,,,,,,,,
Nerve Freezing ,,,,,,,,
Nerve Pinched ,,,,,,,,
Neuroblastoma,,,,,,,,
Neuropathic Pain ,,,,,,,,
Neuropathic Pain ,,,,,,,,
Neuropathy Autonomic Diabetic ,,,,,,,,
Neuropathy Diabetic ,,,,,,,,
Neuropathy Diabetic Peripheral ,,,,,,,,
Neuropathy Focal Diabetic ,,,,,,,,
Neuropathy Proximal Diabetic ,,,,,,,,
Neutropenia,,,,,,,,
Newborn Infant Hearing Screening,,,,,,,,
Newborn Jaundice ,,,,,,,,
Newborn Score ,,,,,,,,
Nicotine,,,,,,,,
Niemann Pick Disease,,,,,,,,
Night Sweats,,,,,,,,
Nightmares,,,,,,,,
Nightmares ,,,,,,,,
Nipah Virus Infection,,,,,,,,
Nodule Thyroid ,,,,,,,,
Noise Induced Hearing Loss and Its Prevention,,,,,,,,
Non-Hodgkins Lymphomas,,,,,,,,
Non-Radiographic Axial Spondyloarthritis,,,,,,,,
Non-Small Cell Lung Cancer vs Small Cell,,,,,,,,
Nonsteroidal Anti-inflammatory Drugs and Ulcers,,,,,,,,
Nonsteroidal Antiinflammatory Drugs ,,,,,,,,
Nontuberculous Mycobacterial Lung Disease,,,,,,,,
Noonan Syndrome,,,,,,,,
Normal Blood Sugar Levels in Adults with Diabetes,,,,,,,,
Normal Labor and Delivery ,,,,,,,,
Norovirus Contagious ,,,,,,,,
Norovirus Infection,,,,,,,,
Nosebleed,,,,,,,,
Nursing ,,,,,,,,
Nurture Theory vs. Nature ,,,,,,,,
Obesity ,,,,,,,,
Objects Or Insects In Ear,,,,,,,,
Obsessive Compulsive Disorder ,,,,,,,,
Occipital Neuralgia,,,,,,,,
Occult Fecal Blood Test ,,,,,,,,
Occupational Asthma,,,,,,,,
Occupational Asthma ,,,,,,,,
Occupational Therapy for Arthritis ,,,,,,,,
Ocular Melanoma ,,,,,,,,
Omega-3 Fatty Acids,,,,,,,,
Onchocerciasis,,,,,,,,
Onychocryptosis ,,,,,,,,
onychomycosis ,,,,,,,,
Oophorectomy ,,,,,,,,
Optic Neuritis,,,,,,,,
Oral Cancer,,,,,,,,
Oral Candiasis Children ,,,,,,,,
Oral Care ,,,,,,,,
oral cavity cancer ,,,,,,,,
Oral Cholecystogram,,,,,,,,
Oral Glucose Tolerance Test ,,,,,,,,
Oral Health and Bone Disease,,,,,,,,
Oral Health Problems in Children,,,,,,,,
Oral Moniliasis Children ,,,,,,,,
Oral Surgery,,,,,,,,
Orgasm Female  Problems in Women,,,,,,,,
Orgasm Male  Problems in Men,,,,,,,,
Orthostatic Hypotension,,,,,,,,
Osgood-Schlatter Disease,,,,,,,,
Osgood-Schlatter Disease ,,,,,,,,
osteitis deformans ,,,,,,,,
Osteoarthritis,,,,,,,,
Osteoarthritis vs. Rheumatoid Arthritis,,,,,,,,
Osteochondritis Dissecans,,,,,,,,
Osteodystrophy,,,,,,,,
Osteogenesis Imperfecta Brittle Bone Disease,,,,,,,,
osteomalacia ,,,,,,,,
Osteomyelitis,,,,,,,,
Osteopenia,,,,,,,,
Osteoporosis,,,,,,,,
OT for Arthritis ,,,,,,,,
otitis ,,,,,,,,
Otitis Externa,,,,,,,,
otitis externa ,,,,,,,,
Otoacoustic Emission ,,,,,,,,
Otoplasty,,,,,,,,
Ovarian Cancer,,,,,,,,
Ovarian Cysts,,,,,,,,
"Ovarian, Fallopian Tube, Primary Peritoneal Cancer",,,,,,,,
Ovary Removal ,,,,,,,,
Overactive Bladder,,,,,,,,
Overactive parathyroid ,,,,,,,,
overactive thyroid ,,,,,,,,
Overload Iron ,,,,,,,,
overuse syndrome ,,,,,,,,
Ovulation Indicator Testing Kits ,,,,,,,,
Oximetry,,,,,,,,
Pacemaker,,,,,,,,
Pads for Urinary Incontinence ,,,,,,,,
Paget Disease of the Breast ,,,,,,,,
Paget's Disease,,,,,,,,
Paget's Disease of The Nipple,,,,,,,,
Pagets Disease ,,,,,,,,
Pain Cancer ,,,,,,,,
Pain Elbow ,,,,,,,,
Pain Gallbladder ,,,,,,,,
Pain Heel ,,,,,,,,
Pain Kidney ,,,,,,,,
Pain Knee ,,,,,,,,
Pain Lower Right Abdomen ,,,,,,,,
Pain Management,,,,,,,,
Pain Management: Musculoskeletal Pain,,,,,,,,
Pain Management: Neuropathic Pain,,,,,,,,
Pain Nerve ,,,,,,,,
Pain Scrotum ,,,,,,,,
Pain Stomach ,,,,,,,,
Pain Tailbone ,,,,,,,,
Pain Tooth ,,,,,,,,
Pain Vaginal ,,,,,,,,
Pain Whiplash ,,,,,,,,
Palm Sweating Excessive ,,,,,,,,
Palpitations Overview,,,,,,,,
Palsy Cerebral ,,,,,,,,
PAN ,,,,,,,,
Pancreas Divisum,,,,,,,,
pancreas inflammation ,,,,,,,,
Pancreas Inflammatory Cysts ,,,,,,,,
Pancreas Intraductal Papillary Mucinous Nneoplasm ,,,,,,,,
Pancreas IPMN ,,,,,,,,
Pancreas Mucinous Cyst Adenomas ,,,,,,,,
Pancreas Non-Inflammatory Cysts ,,,,,,,,
Pancreas Pseudocysts ,,,,,,,,
Pancreas Serous Cyst Adenomas ,,,,,,,,
Pancreas Solid Pseudopapillary Tumor ,,,,,,,,
Pancreatic Cancer,,,,,,,,
Pancreatic Cysts,,,,,,,,
Pancreatic Neuroendocrine Tumor ,,,,,,,,
Pancreatitis,,,,,,,,
PANDAS,,,,,,,,
PANDAS ,,,,,,,,
Panic Disorder,,,,,,,,
Panic disorder ,,,,,,,,
Panniculitis Idiopathic Nodular ,,,,,,,,
Pap Smear,,,,,,,,
Pap Test ,,,,,,,,
"Papillomavirus, Human Test ",,,,,,,,
Paraphilia,,,,,,,,
Parathyroidectomy,,,,,,,,
Parenchymal Diffuse Lung Disease ,,,,,,,,
Parenting,,,,,,,,
Parenting a Child With ADHD,,,,,,,,
Parenting Classes ,,,,,,,,
Parkinson's Disease,,,,,,,,
Parkinson's Disease Clinical Trials,,,,,,,,
Parkinson's Disease: Eating Right,,,,,,,,
Parkinsons Disease ,,,,,,,,
Parkinsons Disease Clinical Trials ,,,,,,,,
Parkinsons Disease diet ,,,,,,,,
parotitis ,,,,,,,,
Paroxysmal Nocturnal Hemoglobinuria ,,,,,,,,
Paroxysmal Nocturnal Hemoglobinuria PNH,,,,,,,,
Paroxysmal Supraventricular Tachycardia ,,,,,,,,
Parry Romberg Syndrome ,,,,,,,,
Parry-Romberg Syndrome,,,,,,,,
Partial Dentures ,,,,,,,,
Partial Hysterectomy ,,,,,,,,
Patched Leaflets ,,,,,,,,
patchy hair loss ,,,,,,,,
Patellofemoral Syndrome,,,,,,,,
Patellofemoral Syndrome ,,,,,,,,
PDC-E2 Antigen ,,,,,,,,
Peanut Allergy,,,,,,,,
Pediatric Epilepsy Surgery,,,,,,,,
Pelvic Exam,,,,,,,,
pelvic infection ,,,,,,,,
Pelvic Inflammatory Disease,,,,,,,,
Pelvic Pain in Women and Men,,,,,,,,
Pemphigoid Bullous ,,,,,,,,
Pendred Syndrome,,,,,,,,
Penile Clamps for Incontinence ,,,,,,,,
penile fibrosis ,,,,,,,,
Penile Implants,,,,,,,,
Penis Cancer,,,,,,,,
Penis Disorder ,,,,,,,,
Penis Disorder Balantis ,,,,,,,,
Penis Disorders,,,,,,,,
Penis Prosthesis,,,,,,,,
Peptic Ulcer,,,,,,,,
Percutaneous Coronary Intervention ,,,,,,,,
Percutaneous Endoscopic Gastrostomy,,,,,,,,
Percutaneous Ethanol Injection of Liver,,,,,,,,
Percutaneous Liver Biopsy ,,,,,,,,
Percutaneous Transluminal Coronary Angioplasty ,,,,,,,,
Pericardial disease ,,,,,,,,
Pericarditis,,,,,,,,
perichondrial hematoma ,,,,,,,,
Pericoronitis,,,,,,,,
Perimenopause,,,,,,,,
Period Menstrual ,,,,,,,,
Period vs. Spotting ,,,,,,,,
Periodic Limb Movement Disorder,,,,,,,,
Periodic Paralysis Syndrome,,,,,,,,
Periodontitis ,,,,,,,,
Peripheral Blood Stem Cell Transplant,,,,,,,,
Peripheral Neuropathy,,,,,,,,
Peripheral Neuropathy Diabetic ,,,,,,,,
Peripheral Vascular Disease,,,,,,,,
Peritonitis,,,,,,,,
Permanent Makeup ,,,,,,,,
Pernicious Anemia,,,,,,,,
Personality Disorder Antisocial ,,,,,,,,
Pertussis,,,,,,,,
pertussis ,,,,,,,,
Pervasive Development Disorders,,,,,,,,
Pes Planus ,,,,,,,,
Peyronie's Disease ,,,,,,,,
Pfeiffer Syndrome,,,,,,,,
"pH Monitoring, Esophageal ",,,,,,,,
Phakic Intraocular Lenses,,,,,,,,
Pharmacologic Stress Test For Heart Disease ,,,,,,,,
Pharyngit Contagious ,,,,,,,,
pharyngitis ,,,,,,,,
Phenylketonuria,,,,,,,,
Pheochromocytoma,,,,,,,,
Pheresis ,,,,,,,,
Phimosis and Paraphimosis ,,,,,,,,
Phlebitis and Thrombophlebitis,,,,,,,,
Phobias,,,,,,,,
Photodynamic Therapy,,,,,,,,
Photorefractive Keratectomy,,,,,,,,
Physical Therapy for Arthritis ,,,,,,,,
Pick Disease,,,,,,,,
Pigmented Villonodular Synovitis ,,,,,,,,
piles ,,,,,,,,
Pilonidal Cyst,,,,,,,,
pilonidal sinus ,,,,,,,,
Pimple vs Cold Sore,,,,,,,,
Pimples ,,,,,,,,
Pinched Nerve Overview,,,,,,,,
Pink Eye,,,,,,,,
Pinkeye Contagious ,,,,,,,,
Pinky Broken Finger ,,,,,,,,
Pinworm Infection,,,,,,,,
Pinworm Test,,,,,,,,
Piriformis Syndrome,,,,,,,,
PiriformSyndrome ,,,,,,,,
Pituitary Tumor ,,,,,,,,
Pityriasis Rosea,,,,,,,,
pityriasis rosea gibert ,,,,,,,,
Plan B Contraception ,,,,,,,,
Plant Thorn Synovitis,,,,,,,,
Plantar Fasciitis,,,,,,,,
Plasmapheresis ,,,,,,,,
plasmodium infection ,,,,,,,,
Plastic Surgery ,,,,,,,,
"Plastic Surgery, Collagen Injections ",,,,,,,,
"Plastic Surgery, Neck Lift ",,,,,,,,
Platelet Count ,,,,,,,,
Platelet Count Low ,,,,,,,,
Plateletcytapheresis ,,,,,,,,
Plateletpheresis ,,,,,,,,
Pleural Effusion ,,,,,,,,
Pleurisy,,,,,,,,
Pleurisy Contagious ,,,,,,,,
pleuritis ,,,,,,,,
PMS vs. Pregnancy Differences and Similarities,,,,,,,,
Pneumococcal Immunization ,,,,,,,,
Pneumococcal Vaccination,,,,,,,,
Pneumonia Facts,,,,,,,,
Pneumothorax,,,,,,,,
Poison Control Centers,,,,,,,,
Poison Ivy Contagious ,,,,,,,,
"Poison Ivy, Oak, and Sumac",,,,,,,,
Poisoning Arsenic ,,,,,,,,
Poisoning Ciguatera ,,,,,,,,
Poisoning Lead ,,,,,,,,
Poisoning Mercury ,,,,,,,,
Poisoning Ricin ,,,,,,,,
Poisoning Thallium ,,,,,,,,
Poland Syndrome,,,,,,,,
Polio Facts,,,,,,,,
Polyarteritis Nodosa,,,,,,,,
Polycystic Kidney Disease,,,,,,,,
Polycystic Ovary,,,,,,,,
Polycythemia ,,,,,,,,
Polymerase Chain Reaction ,,,,,,,,
Polymyalgia Rheumatica,,,,,,,,
Polymyositis,,,,,,,,
Polyps Colon ,,,,,,,,
Polyps Rectal ,,,,,,,,
Polyps Uterus ,,,,,,,,
Popcorn Lung Bronchiolitis Obliterans,,,,,,,,
popliteal cyst ,,,,,,,,
Porphyria,,,,,,,,
Portal Hypertension,,,,,,,,
Post Mortem Examination ,,,,,,,,
Post Polio Syndrome ,,,,,,,,
Post-Nasal Drip ,,,,,,,,
Post-Polio Syndrome,,,,,,,,
Postherpetic Neuralgia,,,,,,,,
Postpartum Depression,,,,,,,,
Posttraumatic Stress Disorder,,,,,,,,
Pot Marijuana ,,,,,,,,
POT Syndrome,,,,,,,,
Potassium ,,,,,,,,
Powassan Virus Disease,,,,,,,,
PPD Skin Test ,,,,,,,,
Prader-Willi Syndrome,,,,,,,,
pre-op questions ,,,,,,,,
Prediabetes,,,,,,,,
Pregnancy,,,,,,,,
Pregnancy Basics,,,,,,,,
Pregnancy Diet ,,,,,,,,
Pregnancy Drug Dangers,,,,,,,,
Pregnancy Ectopic ,,,,,,,,
Pregnancy Flu Shot Risks ,,,,,,,,
Pregnancy Flu Shot Side Effects ,,,,,,,,
Pregnancy Flu Shot Side Effects and Safety,,,,,,,,
Pregnancy High Blood Pressure ,,,,,,,,
Pregnancy Induced Hypertension,,,,,,,,
Pregnancy Planning ,,,,,,,,
Pregnancy Symptoms ,,,,,,,,
Pregnancy Symptoms Am I Pregnant,,,,,,,,
Pregnancy Symptoms Early ,,,,,,,,
Pregnancy Test,,,,,,,,
Pregnancy Trying to Conceive ,,,,,,,,
Pregnancy Tubal ,,,,,,,,
Pregnancy Ultrasound ,,,,,,,,
Pregnancy vs. PMS ,,,,,,,,
Pregnancy: Birthing and Parenting Classes,,,,,,,,
Pregnancy: Bleeding During the First Trimester,,,,,,,,
Pregnancy: Pain Relief Options for Birth,,,,,,,,
Pregnancy: Placenta Previa,,,,,,,,
Pregnancy: Preeclampsia and Eclampsia,,,,,,,,
Pregnancy: Prenatal Care and Tests,,,,,,,,
Pregnancy: Quad Marker Screening Test ,,,,,,,,
Pregnancy: Swine Flu and the H1N1 Vaccine,,,,,,,,
Pregnancy: Your Guide to Eating Right,,,,,,,,
Pregnant ,,,,,,,,
Premature Menopause ,,,,,,,,
Premature Ovarian Failure ,,,,,,,,
Premature Ventricular Contractions,,,,,,,,
Premenstrual Dysphoric Disorder ,,,,,,,,
Premenstrual Syndrome,,,,,,,,
Premenstrual Syndrome ,,,,,,,,
Prenatal Care ,,,,,,,,
Prenatal Costs ,,,,,,,,
Prenatal Diagnosis ,,,,,,,,
Prenatal Tests ,,,,,,,,
Prenatal Ultrasound,,,,,,,,
preoperative questions ,,,,,,,,
Presbyopia,,,,,,,,
Prevention,,,,,,,,
Prevention Atherosclerosis Heart Attack ,,,,,,,,
Prevention Heart Attack Atherosclerosis ,,,,,,,,
"Prevention IBS  Triggers, Prevention",,,,,,,,
Prevention of Flu During Pregnancy ,,,,,,,,
Preventive Mastectomy,,,,,,,,
Priapism ,,,,,,,,
Primary Biliary Cirrhosis ,,,,,,,,
Primary Biliary Cirrhosis Treatment ,,,,,,,,
Primary Immunodeficiency Disease PIDD,,,,,,,,
Primary Sclerosing Cholangitis ,,,,,,,,
Problem Sleepiness,,,,,,,,
Problems With Dental Fillings,,,,,,,,
Products for Incontinence in Men ,,,,,,,,
Profunda Miliaria ,,,,,,,,
Progeria ,,,,,,,,
Progeria Syndrome,,,,,,,,
Progressive Supranuclear Palsy,,,,,,,,
Prolactinoma,,,,,,,,
Prophylactic Mastectomy ,,,,,,,,
Prostate Cancer,,,,,,,,
prostate cancer Chemotherapy Bone-Targeted Immune,,,,,,,,
Prostate Cancer Facts,,,,,,,,
Prostate Cancer Focal Therapy Experimental,,,,,,,,
Prostate Cancer Prostatic Cancer Symptoms Causes,,,,,,,,
prostate cancer Radiation Brachytherapy,,,,,,,,
Prostate Cancer Radical Prostatectomy Surgery,,,,,,,,
Prostate Cancer Screening,,,,,,,,
Prostate Cancer Staging and Prognosis,,,,,,,,
Prostate Cancer Treatment Hormonal Therapy,,,,,,,,
prostate inflammation ,,,,,,,,
Prostate Problem Warning Signs,,,,,,,,
Prostate Specific Antigen,,,,,,,,
Prostate Specific Antigen ,,,,,,,,
prostatic carcinoma ,,,,,,,,
Prostatitis ,,,,,,,,
Prostatitis vs BPH Enlarged Prostate Gland,,,,,,,,
Protect Your Teeth 19 Bad Dental Habits to Avoid,,,,,,,,
Protect Your Teeth Bad Dental Habits to Avoid ,,,,,,,,
Proton Beam Therapy of Liver,,,,,,,,
Proximal Neuropathy Diabetic ,,,,,,,,
Pruritus ,,,,,,,,
Pseudogout,,,,,,,,
Pseudotumor Cerebri,,,,,,,,
Pseudoxanthoma Elasticum,,,,,,,,
Psoriasis,,,,,,,,
Psoriasis Contagious ,,,,,,,,
Psoriasis of the scalp ,,,,,,,,
Psoriatic Arthritis,,,,,,,,
Psychosis ICU ,,,,,,,,
Psychotherapy,,,,,,,,
Psychotic Disorder Brief ,,,,,,,,
Psychotic Disorders,,,,,,,,
PT for Arthritis ,,,,,,,,
Puberty,,,,,,,,
Puberty ,,,,,,,,
Pubic Lice ,,,,,,,,
Pugilistica Dementia ,,,,,,,,
Pulled Hamstring ,,,,,,,,
Pulmonary Edema,,,,,,,,
Pulmonary Embolism,,,,,,,,
Pulmonary FibrosIdiopathic ,,,,,,,,
Pulmonary Fibrosis,,,,,,,,
Pulmonary Hypertension,,,,,,,,
Pulmonic Heart Valve Replacement ,,,,,,,,
Pulse Oximetry ,,,,,,,,
Pump for Insulin ,,,,,,,,
Push Endoscopy,,,,,,,,
PUVA Therapy ,,,,,,,,
Pycnodysostosis,,,,,,,,
Q Fever,,,,,,,,
Quackery Arthritis,,,,,,,,
Quad Marker Screen Test,,,,,,,,
Quadriceps Injury,,,,,,,,
Quit Smoking ,,,,,,,,
Rabies Virus,,,,,,,,
Rachiocentesis ,,,,,,,,
Radiation Therapy,,,,,,,,
Radiation Therapy for Breast Cancer,,,,,,,,
Radical Hysterectomy ,,,,,,,,
Radiculopathy,,,,,,,,
Radiofrequency Ablation,,,,,,,,
Radionuclide Stress Test ,,,,,,,,
Radiotherapy ,,,,,,,,
"Radon Symptoms, Poisoning, Tests, Cancer Causes",,,,,,,,
Ramsay Hunt Syndrome,,,,,,,,
Rapid Strep Test,,,,,,,,
Rash,,,,,,,,
Rash Heat ,,,,,,,,
Rat Lungworm ,,,,,,,,
Raynaud's Phenomenon,,,,,,,,
Raynauds Phenomenon ,,,,,,,,
Raynauds syndrome ,,,,,,,,
Rays-X ,,,,,,,,
Reactive Arthritis,,,,,,,,
Reasons You Are Tired After Surgery ,,,,,,,,
Recreational Water Illnesses ,,,,,,,,
Rectal Bleeding ,,,,,,,,
Red Cell Count ,,,,,,,,
Red Cell Distribution Width ,,,,,,,,
Reflex Sympathetic Dystrophy Syndrome,,,,,,,,
Reflux Laryngitis,,,,,,,,
Relapsing Polychondritis,,,,,,,,
Renal Artery Stenosis,,,,,,,,
Renal Bone disease ,,,,,,,,
Renal Cell ,,,,,,,,
Renal Failure ,,,,,,,,
Repetitive Motion Disorders ,,,,,,,,
Reproductive Health,,,,,,,,
Research Trials ,,,,,,,,
"Resection, Liver ",,,,,,,,
Resective Epilepsy Surgery ,,,,,,,,
Resistance Antibiotic ,,,,,,,,
Respiratory Syncytial Virus,,,,,,,,
Respiratory Syncytial Virus Contagious  Contagious,,,,,,,,
Restless Leg Syndrome,,,,,,,,
Retinal Detachment,,,,,,,,
Retinitis Pigmentosa,,,,,,,,
Retinoblastoma,,,,,,,,
Reye Johnson syndrome ,,,,,,,,
Reye Syndrome,,,,,,,,
RFA Therapy of Liver ,,,,,,,,
Rhabdomyolysis,,,,,,,,
Rheumatic Fever,,,,,,,,
Rheumatoid Arthritis,,,,,,,,
Rheumatoid Arthritis Early Symptoms,,,,,,,,
Rheumatoid Arthritis vs Fibromyalgia,,,,,,,,
Rheumatoid Factor,,,,,,,,
Rheumatology,,,,,,,,
Rhinoplasty,,,,,,,,
Ricin,,,,,,,,
Rickets,,,,,,,,
Right Brain vs. Left Brain ,,,,,,,,
Ring Schatzki ,,,,,,,,
Ringing in the Ears ,,,,,,,,
Ringworm,,,,,,,,
Ringworm Contagious ,,,,,,,,
Ringworm vs. Eczema,,,,,,,,
Rocky Mountain Spotted Fever ,,,,,,,,
Root Canal,,,,,,,,
Rosacea,,,,,,,,
Roseola,,,,,,,,
Roseola Contagious ,,,,,,,,
Rotator Cuff,,,,,,,,
Rotavirus,,,,,,,,
Rothmund Thomson Syndrome ,,,,,,,,
Rothmund-Thomson Syndrome,,,,,,,,
Sacroiliac Joint Dysfunction ,,,,,,,,
Sacroiliac Joint Pain,,,,,,,,
Safe Cold Flu Drugs for Diabetics,,,,,,,,
Salivary Gland Cancer,,,,,,,,
Salmonella Contagious ,,,,,,,,
Salmonella Food Poisoning ,,,,,,,,
Salpingo-Oophorectomy ,,,,,,,,
SAPHO Syndrome,,,,,,,,
SAPHO Syndrome ,,,,,,,,
Sarcoidosis,,,,,,,,
sarcoptic mange ,,,,,,,,
Scabies,,,,,,,,
Scabies Contagious ,,,,,,,,
scalp and body ,,,,,,,,
Scalp Psoriasis,,,,,,,,
"Scan, Thyroid ",,,,,,,,
Scar Excessive ,,,,,,,,
Scar Tissue ,,,,,,,,
Scarlatina ,,,,,,,,
Scarlet Fever ,,,,,,,,
Scarlet Fever Contagious ,,,,,,,,
Scars,,,,,,,,
Schatzki Ring,,,,,,,,
Schistosomiasis,,,,,,,,
Schizoaffective Disorder,,,,,,,,
Schizophrenia,,,,,,,,
Schizophrenia vs. Bipolar Disorder ,,,,,,,,
Schizotypal Personality Disorder,,,,,,,,
school sores ,,,,,,,,
sciatic neuritis ,,,,,,,,
Sciatica,,,,,,,,
Sciatica Exercises,,,,,,,,
Scleritis,,,,,,,,
Scleroderma,,,,,,,,
Sclerotherapy,,,,,,,,
Scoliosis,,,,,,,,
Screening Cancer ,,,,,,,,
Screening For Colon Cancer ,,,,,,,,
Screening for Prostate Cancer ,,,,,,,,
"Screening Test, Quad Marker ",,,,,,,,
Seasonal Affective Disorder ,,,,,,,,
Seasonal allergies ,,,,,,,,
Seborrhea,,,,,,,,
Seborrhea ,,,,,,,,
Seborrheic Dermatitis,,,,,,,,
Seborrheic Dermatitis ,,,,,,,,
Secondhand Smoke,,,,,,,,
Sed Rate ,,,,,,,,
Sedimentation Rate,,,,,,,,
Seizure,,,,,,,,
seizure disorder ,,,,,,,,
Seizure Disorders vs. Seizure ,,,,,,,,
Seizure Febrile ,,,,,,,,
Seizure Fever induced ,,,,,,,,
Seizure First Aid ,,,,,,,,
"Seizure Surgery, Children ",,,,,,,,
Seizure Test ,,,,,,,,
Seizure vs Seizure Disorders Whats the difference,,,,,,,,
Seizures Symptoms and Types,,,,,,,,
Self Breast Exam ,,,,,,,,
Self Exam ,,,,,,,,
Self Gratification Sexual ,,,,,,,,
Semen Blood ,,,,,,,,
Sentinel Lymph Node Biopsy,,,,,,,,
Separation Anxiety,,,,,,,,
SepsContagious ,,,,,,,,
Sepsis,,,,,,,,
Septic Arthritis,,,,,,,,
Septic Shock,,,,,,,,
septicemia ,,,,,,,,
Septoplasty ,,,,,,,,
Septum Deviated ,,,,,,,,
Serious Diseases and Health Problems ,,,,,,,,
Serous Cyst Adenomas Pancreas ,,,,,,,,
Sever Condition,,,,,,,,
Severe acute respiratory syndrome ,,,,,,,,
Severe Acute Respiratory Syndrome ,,,,,,,,
Severe Condition ,,,,,,,,
Sex Urinary and Bladder Problems of Diabetes ,,,,,,,,
Sexual  Problems in Men,,,,,,,,
Sexual  Problems in Women,,,,,,,,
Sexual Addiction,,,,,,,,
Sexual and Urologic Problems of Diabetes,,,,,,,,
Sexual Health Overview,,,,,,,,
Sexual Response Cycle ,,,,,,,,
Sexually Transmitted Diseases ,,,,,,,,
Sexually Transmitted Diseases and Pregnancy ,,,,,,,,
SGOT Test ,,,,,,,,
SGPT Test ,,,,,,,,
Shaken Baby Syndrome ,,,,,,,,
Shigella Infection,,,,,,,,
Shin Splints,,,,,,,,
Shingles ,,,,,,,,
Shingles and Pregnancy,,,,,,,,
Shock,,,,,,,,
Shot vs. Birth Control Pill ,,,,,,,,
Shoulder and Neck Pain Health,,,,,,,,
Shoulder Bursitis,,,,,,,,
Shulmans Syndrome ,,,,,,,,
Sick Building Syndrome,,,,,,,,
Sick to Work ,,,,,,,,
Sickle Cell,,,,,,,,
Sickle Cell Anemia ,,,,,,,,
Sickness Motion ,,,,,,,,
Sigmoidoscopy ,,,,,,,,
Sign Language,,,,,,,,
Sign Language American ,,,,,,,,
Signs and Symptoms of Stroke ,,,,,,,,
Silicone Joint Replacement ,,,,,,,,
silk road disease ,,,,,,,,
Single Balloon Endoscopy ,,,,,,,,
Sinus Headache,,,,,,,,
Sinus Infection vs Allergies,,,,,,,,
Sinus Infection vs. Cold,,,,,,,,
Sinus Surgery,,,,,,,,
Sinusitis,,,,,,,,
Sinusitis ,,,,,,,,
sixth disease ,,,,,,,,
Sjogren's Syndrome,,,,,,,,
Skin Biopsy,,,,,,,,
Skin Cancer Overview,,,,,,,,
Skin Rashes Contagious ,,,,,,,,
Skin Tag,,,,,,,,
Skin Tag vs Mole,,,,,,,,
Skin Test For Allergy,,,,,,,,
"Skin, Laser Resurfacing ",,,,,,,,
Sleep Aids ,,,,,,,,
Sleep Aids And Stimulants,,,,,,,,
Sleep and Sleep Disorders in Children and Teens,,,,,,,,
Sleep Apnea,,,,,,,,
Sleep Disorder Periodic Limb Movement ,,,,,,,,
Sleep Paralysis,,,,,,,,
Sleep Related Breathing Disorders,,,,,,,,
Sleepiness Excessive Daytime ,,,,,,,,
Sleepwalking,,,,,,,,
Small Bowel Endoscopy ,,,,,,,,
Small Intestinal Bacterial Overgrowth ,,,,,,,,
Small Intestinal Bacterial Overgrowth ,,,,,,,,
Small Intestinal Endoscopy ,,,,,,,,
Small Intestine Resction ,,,,,,,,
Smallpox,,,,,,,,
Smell Disorders,,,,,,,,
Smoke Secondhand ,,,,,,,,
Smokeless Tobacco,,,,,,,,
Smoker's Lung: Pathology Photo Essay,,,,,,,,
smokers keratosis ,,,,,,,,
Smokers Lung ,,,,,,,,
Smoking and Heart Disease,,,,,,,,
Smoking and Quitting Smoking,,,,,,,,
Smoking During Pregnancy,,,,,,,,
Smoking Marijuana ,,,,,,,,
Snake Bite,,,,,,,,
Snoring,,,,,,,,
Snoring How to Stop ,,,,,,,,
Snoring Surgery ,,,,,,,,
Sodium ,,,,,,,,
Sodium Low Levels in the Blood ,,,,,,,,
solar keratosis ,,,,,,,,
Sole Sweating Excessive ,,,,,,,,
Somnoplasty,,,,,,,,
Sonogram ,,,,,,,,
Sore Throat ,,,,,,,,
Sore Throat Contagious ,,,,,,,,
Sore Throat Home Remedies and Treatment,,,,,,,,
Sores Canker ,,,,,,,,
Sores Canker Contagious ,,,,,,,,
Spastic colon ,,,,,,,,
Spermicides ,,,,,,,,
Spherocytos ,,,,,,,,
Spherocytosis ,,,,,,,,
Spider Bites ,,,,,,,,
"Spider Veins, Sclerotherapy ",,,,,,,,
Spina Bifida and Anencephaly,,,,,,,,
Spinal Cord Injury: Treatments and Rehabilitation,,,,,,,,
Spinal Cord Tumors ,,,,,,,,
Spinal Headaches,,,,,,,,
Spinal Muscular Atrophy ,,,,,,,,
Spinal Puncture ,,,,,,,,
Spinal Tap ,,,,,,,,
Spleen Enlarged ,,,,,,,,
splenomegaly Gaucher ,,,,,,,,
split spine ,,,,,,,,
Spondylolisthesis,,,,,,,,
Sporotrichosis,,,,,,,,
Spotting vs. Period Differences,,,,,,,,
Sprain Neck ,,,,,,,,
Sprained Ankle,,,,,,,,
Spring fever ,,,,,,,,
Spur Heel ,,,,,,,,
Squamous Intraepithelial Lesion Cervical ,,,,,,,,
Staph Infection,,,,,,,,
Staph Infection Contagious ,,,,,,,,
staphylococcus infection ,,,,,,,,
Stapled Hemorrhoidectomy,,,,,,,,
STD ,,,,,,,,
STDs and Pregnancy ,,,,,,,,
STDs in Men Overview,,,,,,,,
Stem Cell Transplant ,,,,,,,,
Stem Cells,,,,,,,,
Stenosis Lumbar ,,,,,,,,
Stenosis Spinal ,,,,,,,,
Stents ,,,,,,,,
"Sterilization, Hysteroscopic ",,,,,,,,
"Sterilization, Surgical ",,,,,,,,
"Steroid Injection, Epidural ",,,,,,,,
Steroid Withdrawal,,,,,,,,
Steroid Withdrawal ,,,,,,,,
Steroids to Treat Arthritis,,,,,,,,
Stiff-Person Syndrome,,,,,,,,
Still's Disease,,,,,,,,
stillbirth,,,,,,,,
Stitches,,,,,,,,
Stomach Bypass ,,,,,,,,
Stomach Cancer,,,,,,,,
Stomach Flu Contagious  Contagious,,,,,,,,
Stomach Flu vs. Food Poisoning,,,,,,,,
Stomach ulcer ,,,,,,,,
Stool Acidity Test,,,,,,,,
Stool Blood Test ,,,,,,,,
Stool Color Changes,,,,,,,,
"Stool Color, Changes in Color, Texture, and Form ",,,,,,,,
"Stool Test, Acid ",,,,,,,,
Strabismus,,,,,,,,
"Strabismus Treatment, Botox ",,,,,,,,
Strain Neck ,,,,,,,,
Strains ,,,,,,,,
Strep Throat ,,,,,,,,
Strep Throat Infection Test ,,,,,,,,
Streptococcal Infections,,,,,,,,
Streptococcal Infections ,,,,,,,,
streptococcal pharyngitis ,,,,,,,,
"Streptococcus, Group A Test ",,,,,,,,
Stress,,,,,,,,
Stress and Heart Disease,,,,,,,,
Stress Breast Cancer ,,,,,,,,
Stress Management Techniques,,,,,,,,
Stress Tests For Heart Disease ,,,,,,,,
"Stress Throat Test, Rapid ",,,,,,,,
Stretch Marks,,,,,,,,
Strictures Esophagus ,,,,,,,,
Stroke Heat ,,,,,,,,
Stroke Prevention,,,,,,,,
Stroke Symptoms and Treatment,,,,,,,,
Stroke vs Aneurysm Differences and Similarities,,,,,,,,
Stroke vs Mini-Stroke TIA Comparison,,,,,,,,
Stroke vs. Heart Attack ,,,,,,,,
"Study, Gastric Emptying ",,,,,,,,
Stuttering,,,,,,,,
Sty ,,,,,,,,
Sty Contagious ,,,,,,,,
Stye ,,,,,,,,
Subconjunctival Hemorrhage,,,,,,,,
Subpial Transection ,,,,,,,,
Suction Assisted Lipoplasty ,,,,,,,,
Sudden Cardiac Death,,,,,,,,
Sugar Test ,,,,,,,,
Suicide,,,,,,,,
Sun Protection and Sunscreens,,,,,,,,
Sun-Sensitive Drugs ,,,,,,,,
Sun-Sensitive Drugs ,,,,,,,,
Sunburn and Sun Poisoning,,,,,,,,
Superior Vena Cava Syndrome,,,,,,,,
Supracervical Hysterectomy ,,,,,,,,
Supraventricular Tachycardia Paroxysmal ,,,,,,,,
Surface Echo ,,,,,,,,
Surface Electromyogram ,,,,,,,,
Surgery Breast Biopsy ,,,,,,,,
Surgery for GERD ,,,,,,,,
"Surgery, Bowel Resection ",,,,,,,,
"Surgery, Gastric Banding ",,,,,,,,
"Surgery, Lap Band ",,,,,,,,
"Surgery, Sinus ",,,,,,,,
"Surgery, Ulcerative Colitis ",,,,,,,,
Surgical Options for Epilepsy,,,,,,,,
Surgical Sterilization,,,,,,,,
Surviving Cancer,,,,,,,,
Sutures ,,,,,,,,
Swallowing,,,,,,,,
Sweat Chloride Test,,,,,,,,
Sweat Test ,,,,,,,,
Sweet Syndrome,,,,,,,,
Swimmers Ear ,,,,,,,,
Swine Flu,,,,,,,,
Swine Flu and the H1N1 Vaccine during Pregnancy ,,,,,,,,
Swine Flu Contagious  Contagious,,,,,,,,
Swollen Ankles and Swollen Feet,,,,,,,,
Swollen Lymph Nodes,,,,,,,,
Symptoms MS  Symptoms and Treatments,,,,,,,,
Symptoms Multiple Sclerosis  Symptoms and Treatments,,,,,,,,
Symptoms Pregnancy ,,,,,,,,
Symptothermal Method of Birth Control ,,,,,,,,
Syncope ,,,,,,,,
Syndrome Asperger ,,,,,,,,
Syndrome Campomelic ,,,,,,,,
Syndrome Cauda Equina ,,,,,,,,
Syndrome Compartment ,,,,,,,,
Syndrome Cyclic Vomiting ,,,,,,,,
Syndrome Franceschetti Zwahlen Klein ,,,,,,,,
Syndrome Kleine Levin ,,,,,,,,
Syndrome Loeys-Dietz ,,,,,,,,
Syndrome Marfan ,,,,,,,,
Syndrome of Inappropriate Antidiuretic Hormone,,,,,,,,
Syndrome Pfeiffer ,,,,,,,,
Syndrome Prader Willi ,,,,,,,,
Syndrome Restless Legs ,,,,,,,,
Syndrome Stiff Person ,,,,,,,,
Syphilis in Women Overview,,,,,,,,
Systemic Lupus,,,,,,,,
Tachycardia Paroxysmal Atrial ,,,,,,,,
Tachycardia Paroxysmal Supraventricular ,,,,,,,,
Takayasu Disease,,,,,,,,
Takayasu Disease ,,,,,,,,
Taking Dental Medications,,,,,,,,
Tardive Dyskinesia,,,,,,,,
Taste Disorders,,,,,,,,
Tattoo Removal,,,,,,,,
Teen Depression,,,,,,,,
Teen Drug Abuse,,,,,,,,
Teen Drug Abuse ,,,,,,,,
Teenagers,,,,,,,,
Teenagers ,,,,,,,,
Teenagers Sleep ,,,,,,,,
Teeth and Gum Care,,,,,,,,
Teeth Grinding ,,,,,,,,
Teeth Whitening,,,,,,,,
Teething,,,,,,,,
Temporal Lobe Resection,,,,,,,,
Temporomandibular Joint Syndrome ,,,,,,,,
Tendinitis Rotator Cuff ,,,,,,,,
Tennis Elbow ,,,,,,,,
Tension Headache,,,,,,,,
Teratogens Drug ,,,,,,,,
Terms Medical Abbreviations ,,,,,,,,
Test for Lactose Intolerance ,,,,,,,,
"Test, Cholesterol ",,,,,,,,
"Test, Esophageal pH ",,,,,,,,
"Test, Ferritin ",,,,,,,,
"Test, Gastroesophageal Reflux Disease ",,,,,,,,
"Test, GERD ",,,,,,,,
"Test, Homocysteine ",,,,,,,,
"Test, HPV ",,,,,,,,
"Test, Pap ",,,,,,,,
"Test, Quad Marker Screening ",,,,,,,,
"Test, Triglycerides ",,,,,,,,
Testicular Cancer,,,,,,,,
Testicular Disorders,,,,,,,,
Testosterone Low ,,,,,,,,
Testosterone Therapy to Treat ED,,,,,,,,
Tests During Third Trimester of Pregnancy ,,,,,,,,
Tests for Diabetes ,,,,,,,,
"Tests, Pregnancy ",,,,,,,,
"Tests, Prenatal ",,,,,,,,
Tetanus,,,,,,,,
Tetrahydrobiopterin Deficiency,,,,,,,,
Thallium,,,,,,,,
the clap ,,,,,,,,
The Digestion Process ,,,,,,,,
The Minipill ,,,,,,,,
The Pill ,,,,,,,,
Thecal Puncture ,,,,,,,,
Third Trimester Tests During Pregnancy,,,,,,,,
Thoracic Outlet Syndrome,,,,,,,,
Throat cancer ,,,,,,,,
Thrombocytopenia ,,,,,,,,
Thrush,,,,,,,,
Thrush and Other Yeast Infections in Children,,,,,,,,
Thrush Contagious ,,,,,,,,
Thymoma,,,,,,,,
Thyroid Blood Tests,,,,,,,,
Thyroid Cancer,,,,,,,,
Thyroid Disease Symptoms and Signs,,,,,,,,
Thyroid Disorders,,,,,,,,
Thyroid Needle Biopsy ,,,,,,,,
Thyroid Nodules,,,,,,,,
Thyroid Peroxidase Autoantibody Test ,,,,,,,,
Thyroid Peroxidase Test,,,,,,,,
Thyroid Scan,,,,,,,,
Thyroid-Problems-Home-Remedies-Medication-and Cure,,,,,,,,
Thyroiditis,,,,,,,,
Thyroiditis Postpartum ,,,,,,,,
Thyroiditis Silent ,,,,,,,,
Thyroiditis Subacute ,,,,,,,,
tic douloureux ,,,,,,,,
Ticks,,,,,,,,
Ticks Bite ,,,,,,,,
Ticks vs. Bedbugs,,,,,,,,
Tietze Syndrome ,,,,,,,,
Tilt-table Test,,,,,,,,
Tine Test ,,,,,,,,
tinea pedis ,,,,,,,,
Tinea Versicolor,,,,,,,,
Tinnitus ,,,,,,,,
Tips for Parenting a Teen With ADHD ,,,,,,,,
Tips on How to Stop a Cough ,,,,,,,,
Tobacco Chewing ,,,,,,,,
Toddlers Sleep ,,,,,,,,
Toe Broken ,,,,,,,,
Toilet Substitutes for Incontinence ,,,,,,,,
Tommy John Surgery,,,,,,,,
"Tomography, Computerized Axial ",,,,,,,,
Tongue Problems,,,,,,,,
Tonometry,,,,,,,,
Tonsil Inflammation ,,,,,,,,
Tonsil Stones,,,,,,,,
Tonsillectomy,,,,,,,,
Tooth Infected ,,,,,,,,
Toothache Overview,,,,,,,,
Toothpastes ,,,,,,,,
Top Foods For Constipation Relief,,,,,,,,
Top Foods That Cause Constipation,,,,,,,,
Torn ACL,,,,,,,,
Torn Meniscus,,,,,,,,
Torsion Testicle ,,,,,,,,
Total Abdominal Hysterectomy ,,,,,,,,
Total Hip Replacement,,,,,,,,
Total Knee Replacement,,,,,,,,
Tourette Syndrome,,,,,,,,
Tourettes ,,,,,,,,
toxemia ,,,,,,,,
Toxic Shock Syndrome ,,,,,,,,
Toxicology Autospy ,,,,,,,,
Toxin Ciguatera ,,,,,,,,
Toxoplasmosis,,,,,,,,
Trach Tube ,,,,,,,,
Tracheostomy,,,,,,,,
Trachoma,,,,,,,,
Transabdominal Ultrasound ,,,,,,,,
Transcutaneous Electrical Nerve Stimulation,,,,,,,,
"Transection, Multiple Subpial ",,,,,,,,
"Transfusion, Blood ",,,,,,,,
Transient Ischemic Attack ,,,,,,,,
Transjugular Intrahepatic Portosystemic Shunt,,,,,,,,
Transmyocardial Laser Revascularization ,,,,,,,,
"Transplant, Heart ",,,,,,,,
Transvaginal Ultrasound ,,,,,,,,
Transvenous Liver Biopsy ,,,,,,,,
Travel Medicine,,,,,,,,
Traveler's Diarrhea,,,,,,,,
Treacher Collins Syndrome,,,,,,,,
Treadmill Stress Test ,,,,,,,,
Treating the Flu In People With Health Risks,,,,,,,,
Treatment Cure for Liver Cirrhosis,,,,,,,,
Treatment Get Rid of Restless Leg Syndrome,,,,,,,,
Treatment Hot Flashes ,,,,,,,,
Treatment How Do I Get Rid of Intertrigo,,,,,,,,
Treatment How Do You Fix Anemia,,,,,,,,
treatment How Do You Get Rid of Boils,,,,,,,,
treatment How Do You Get Rid of Diarrhea,,,,,,,,
Treatment How Do You Stop Snoring,,,,,,,,
treatment How to Get Rid of Bone Spurs,,,,,,,,
treatment How to Get Rid of Hiccups,,,,,,,,
Treatment of Breast Cancer by Stages,,,,,,,,
Treatment Options MS  Symptoms and Treatments,,,,,,,,
Treatment Primary Biliary Cirrhosis ,,,,,,,,
Treatment Ringing in the Ears Tinnitus,,,,,,,,
treatment Sciatic Nerve to Stop Hurting,,,,,,,,
treatment What Is the Best Treatment for Impetigo,,,,,,,,
Treatment What Is the Best Treatment for Psoriasis,,,,,,,,
Tremor,,,,,,,,
Trichinosis,,,,,,,,
Trichomoniasis,,,,,,,,
Tricuspid Heart Valve Replacement ,,,,,,,,
Trigeminal Neuralgia,,,,,,,,
Trigger Finger,,,,,,,,
Trigger Point Injection,,,,,,,,
trigger thumb ,,,,,,,,
"Triggers IBS  Triggers, Prevention",,,,,,,,
Triglyceride Test,,,,,,,,
Trimethylaminuria ,,,,,,,,
Triple-Negative Breast Cancer,,,,,,,,
Trisomy 18 ,,,,,,,,
trisomy 21 ,,,,,,,,
Trochanteric bursitis ,,,,,,,,
True Cysts Pancreas ,,,,,,,,
Trying to Conceive,,,,,,,,
Trying to Conceive ,,,,,,,,
Tubal Ligation ,,,,,,,,
Tuberculos Contagious  Contagious,,,,,,,,
Tuberculosis  Facts,,,,,,,,
Tuberculosis Drug-Resistant ,,,,,,,,
Tuberculosis Skin Test ,,,,,,,,
Tuberous Sclerosis Complex ,,,,,,,,
Tubes Ear Problems ,,,,,,,,
Tubes Tied ,,,,,,,,
Tularemia,,,,,,,,
Tummy Tuck ,,,,,,,,
Tummy Tuck ,,,,,,,,
Tumor Adrenal Gland ,,,,,,,,
Tumor Brain Cancer ,,,,,,,,
Tumor Grade,,,,,,,,
Tumor in the Brain ,,,,,,,,
Tumor Necrosis Factor ,,,,,,,,
Tumor Testicle ,,,,,,,,
Tumors Uterine ,,,,,,,,
Turbinectomy ,,,,,,,,
"Turf Toe: Symptoms, Causes, and Treatments",,,,,,,,
Turner Syndrome,,,,,,,,
Tweens Sleep ,,,,,,,,
Tylenol Liver Damage,,,,,,,,
Tympanoplasty Tubes ,,,,,,,,
Type 1 Diabetes,,,,,,,,
Type 1 vs Type 2 Diabetes Similarities Differences,,,,,,,,
Type 2 Diabetes,,,,,,,,
Type 2 vs Type 1 Diabetes ,,,,,,,,
Typhoid Fever,,,,,,,,
Typhus,,,,,,,,
Ulcerative Colit vs. Crohns Disease ,,,,,,,,
Ulcerative Colitis,,,,,,,,
Ulcerative Colitis Diet,,,,,,,,
Ulcerative Colitis Intestinal Problems ,,,,,,,,
Ulcerative Colitis Surgery,,,,,,,,
Ultrafast CT ,,,,,,,,
Ultrasonography ,,,,,,,,
Ultrasound,,,,,,,,
Ultrasound During Pregnancy ,,,,,,,,
Ultrasound of the Heart ,,,,,,,,
underactive thyroid ,,,,,,,,
Underarm Sweating Excessive ,,,,,,,,
Underpads for Incontinence ,,,,,,,,
Upper Endoscopy ,,,,,,,,
Upper Gastrointestinal Endoscopy ,,,,,,,,
Upper GI Series,,,,,,,,
Upper Respiratory Infection,,,,,,,,
Urea Breath Test,,,,,,,,
Urethral Cancer,,,,,,,,
Urethral Stricture,,,,,,,,
Urethral Stricture ,,,,,,,,
Urinals for Incontinence ,,,,,,,,
Urinalysis,,,,,,,,
Urinary Incontinence,,,,,,,,
Urinary Incontinence in Children,,,,,,,,
Urinary Incontinence in Women,,,,,,,,
Urinary Incontinence Products for Men,,,,,,,,
Urinary Retention,,,,,,,,
Urinary Tract Infection,,,,,,,,
Urinary Tract Infection Contagious  Contagious,,,,,,,,
Urinary Tract Infections in Children,,,,,,,,
Urine Blockage in Newborns,,,,,,,,
Urine Tests for Diabetes,,,,,,,,
Urine Tests for Diabetes ,,,,,,,,
Urodynamic Testing,,,,,,,,
urticaria ,,,,,,,,
Usher Syndrome,,,,,,,,
Uterine Ablation ,,,,,,,,
Uterine Cancer,,,,,,,,
Uterine Cancer ,,,,,,,,
Uterine Fibroids,,,,,,,,
Uterine Growths,,,,,,,,
Uterus Biopsy ,,,,,,,,
Uveal Melanoma ,,,,,,,,
Uveitis,,,,,,,,
Vaccination FAQs,,,,,,,,
"Vaccination, Flu ",,,,,,,,
"Vaccination, Pneumococcal ",,,,,,,,
Vaccinations ,,,,,,,,
Vaccinations Hepatitis A and B ,,,,,,,,
Vaccinations Travel ,,,,,,,,
Vacuum Assisted Breast Biopsy ,,,,,,,,
Vacuum Constriction Devices ,,,,,,,,
Vaginal Birth after C-Section ,,,,,,,,
Vaginal Bleeding,,,,,,,,
Vaginal Cancer,,,,,,,,
Vaginal Cancer ,,,,,,,,
Vaginal Douche ,,,,,,,,
Vaginal Dryness and Vaginal Atrophy,,,,,,,,
Vaginal Hysterectomy ,,,,,,,,
Vaginal Infection Trichomoniasis ,,,,,,,,
Vaginal Pain ,,,,,,,,
Vaginitis Overview,,,,,,,,
Vaginitis Trichomoniasis ,,,,,,,,
Vaginosis Bacterial ,,,,,,,,
Vagus Nerve Stimulation ,,,,,,,,
Vagus Nerve Stimulator ,,,,,,,,
Valley Fever,,,,,,,,
Valley Fever ,,,,,,,,
"Valve, Replacement Heart ",,,,,,,,
Vancomycin-Resistant Enterococci ,,,,,,,,
Variant Creutzfeldt-Jakob Disease,,,,,,,,
Varicella ,,,,,,,,
Varices Bleeding ,,,,,,,,
Varicose Veins,,,,,,,,
"Varicose Veins, Sclerotherapy ",,,,,,,,
Vascular Disease,,,,,,,,
Vasculitis,,,,,,,,
Vasectomy,,,,,,,,
Veins Spider ,,,,,,,,
Veins Varicose ,,,,,,,,
Ventilation Tube ,,,,,,,,
Ventricular Septal Defect,,,,,,,,
Vertigo Overview,,,,,,,,
Vestibular Balance Disorders,,,,,,,,
Vibrio Infection ,,,,,,,,
Viral Hemorrhagic Fever,,,,,,,,
Viral Hepatitis,,,,,,,,
Viral Hepatitis ,,,,,,,,
Virtual Colonoscopy,,,,,,,,
Virus Chikungunya ,,,,,,,,
Visual Field Test,,,,,,,,
Vitamin D Deficiency,,,,,,,,
Vitamins & Exercise,,,,,,,,
Vitamins and Calcium Supplements,,,,,,,,
Vitamins Exercise Heart Attack Prevention Series ,,,,,,,,
Vitiligo,,,,,,,,
Vomiting ,,,,,,,,
Vomiting Cyclic ,,,,,,,,
Warts ,,,,,,,,
Warts Genital ,,,,,,,,
water on the brain ,,,,,,,,
Weber-Christian Disease,,,,,,,,
Wegener's Granulomatosis,,,,,,,,
Wegeners granulomatosis ,,,,,,,,
Weight Control and Smoking Cessation,,,,,,,,
Weight Loss Surgery ,,,,,,,,
Weils disease ,,,,,,,,
West Nile Encephalitis,,,,,,,,
West Syndrome,,,,,,,,
Wet Dry Drowning ,,,,,,,,
What Are the Side Effects of HIV Medications,,,,,,,,
What Is Morning Sickness,,,,,,,,
What Is Mucus,,,,,,,,
What Mucus ,,,,,,,,
When should you start HIV medication,,,,,,,,
Whiplash,,,,,,,,
White Blood Cell Differential Count ,,,,,,,,
White Blood Count ,,,,,,,,
white spot disease ,,,,,,,,
Whooping Cough  Contagious,,,,,,,,
Why Am I So Bloated,,,,,,,,
Williams Syndrome,,,,,,,,
Wireless Capsule Endoscopy ,,,,,,,,
Wisdom Teeth,,,,,,,,
Withdrawal Method of Birth Control ,,,,,,,,
Wolff Parkinson White Syndrome ,,,,,,,,
Wolff-Parkinson-White Syndrome,,,,,,,,
Womb Biopsy ,,,,,,,,
Womb Growths ,,,,,,,,
Women Breast Lumps ,,,,,,,,
Women Disease Prevention ,,,,,,,,
Women Heart Attack ,,,,,,,,
Women's Health,,,,,,,,
Women's Wellness Exam ,,,,,,,,
Womens Health ,,,,,,,,
Worms Pinworms ,,,,,,,,
Wound Closures ,,,,,,,,
Wrinkles,,,,,,,,
"X-ray Esophagus, Stomach, Duodenum ",,,,,,,,
X-Rays,,,,,,,,
XDR-TB Drug-Resistant Tuberculosis ,,,,,,,,
Xerostomia ,,,,,,,,
Yaws,,,,,,,,
Yeast Infection in Women and Men,,,,,,,,
Yeast Infection vs Diaper Rash Differences,,,,,,,,
Yeast Infection vs. Bacterial Vaginosis ,,,,,,,,
Yeast Infection vs. Urinary Tract Infection ,,,,,,,,
Yeast infections vs STDs in Men and Women,,,,,,,,
Yeast Oral ,,,,,,,,
Yellow Fever,,,,,,,,
Younger Children Sleep ,,,,,,,,
Zika Virus,,,,,,,,
leukaemia,,,,,,,,
